ISO-10303-21;
HEADER;
/* Generated by software containing ST-Developer
 * from STEP Tools, Inc. (www.steptools.com) 
 */
/* OPTION: using custom renumber hook */

FILE_DESCRIPTION(
/* description */ ('STEP AP242 Edition 2',
'CAx-IF Rec.Pracs.---Representation and Presentation of Product Manufa
cturing Information (PMI)---4.0---2014-10-13',
'CAx-IF Rec.Pracs.---3D Tessellated Geometry---0.4---2014-09-14','2;1',
'CAx-IF Rec.Pracs.---User Defined Attributes---1.5---2016-08-15'),
/* implementation_level */ '2;1');

FILE_NAME(
/* name */ 'GENMITSU 3030 PROVER MAX v2 parts - Component1 - RTA-XXXX',

/* time_stamp */ '2026-07-26T20:49:19Z',
/* author */ (''),
/* organization */ (''),
/* preprocessor_version */ 'ST-DEVELOPER v20',
/* originating_system */ 'ONSHAPE BY PTC INC, 1.218',
/* authorisation */ '  ');

FILE_SCHEMA (('AP242_MANAGED_MODEL_BASED_3D_ENGINEERING_MIM_LF { 1 0 10303 442 3 1 4 }'));
ENDSEC;

DATA;
#10=SHAPE_REPRESENTATION_RELATIONSHIP('','',#1781,#11);
#11=ADVANCED_BREP_SHAPE_REPRESENTATION('',(#1779),#2965);
#12=CYLINDRICAL_SURFACE('',#1840,0.020955);
#13=CYLINDRICAL_SURFACE('',#1843,0.020955);
#14=CYLINDRICAL_SURFACE('',#1845,0.020955);
#15=CYLINDRICAL_SURFACE('',#1848,0.020955);
#16=CYLINDRICAL_SURFACE('',#1851,0.008255);
#17=CYLINDRICAL_SURFACE('',#1855,0.008255);
#18=CYLINDRICAL_SURFACE('',#1859,0.008255);
#19=CYLINDRICAL_SURFACE('',#1863,0.008255);
#20=CYLINDRICAL_SURFACE('',#1867,0.00325);
#21=CYLINDRICAL_SURFACE('',#1870,0.00635);
#22=CYLINDRICAL_SURFACE('',#1874,0.00635);
#23=CYLINDRICAL_SURFACE('',#1876,0.00325);
#24=CYLINDRICAL_SURFACE('',#1879,0.00325);
#25=CYLINDRICAL_SURFACE('',#1883,0.00325);
#26=CYLINDRICAL_SURFACE('',#1887,0.00325);
#27=CYLINDRICAL_SURFACE('',#1891,0.00635);
#28=CYLINDRICAL_SURFACE('',#1896,0.00325);
#29=CYLINDRICAL_SURFACE('',#1899,0.00635);
#30=CYLINDRICAL_SURFACE('',#1901,0.00325);
#31=CYLINDRICAL_SURFACE('',#1903,0.00325);
#32=CYLINDRICAL_SURFACE('',#1906,0.00635);
#33=CYLINDRICAL_SURFACE('',#1909,0.00635);
#34=CYLINDRICAL_SURFACE('',#1912,0.00325);
#35=CYLINDRICAL_SURFACE('',#1915,0.00325);
#36=CYLINDRICAL_SURFACE('',#1917,0.00325);
#37=CYLINDRICAL_SURFACE('',#1920,0.00325);
#38=CYLINDRICAL_SURFACE('',#1926,0.003048);
#39=CYLINDRICAL_SURFACE('',#1927,0.003048);
#40=CYLINDRICAL_SURFACE('',#1928,0.003048);
#41=CYLINDRICAL_SURFACE('',#1932,0.00381);
#42=CYLINDRICAL_SURFACE('',#1935,0.00381);
#43=CYLINDRICAL_SURFACE('',#1947,0.0018415);
#44=CYLINDRICAL_SURFACE('',#1948,0.0018415);
#45=CYLINDRICAL_SURFACE('',#1949,0.0018415);
#46=CYLINDRICAL_SURFACE('',#1950,0.0018415);
#47=CYLINDRICAL_SURFACE('',#1951,0.0018415);
#48=CYLINDRICAL_SURFACE('',#1952,0.0018415);
#49=CYLINDRICAL_SURFACE('',#1953,0.0018415);
#50=CYLINDRICAL_SURFACE('',#1954,0.0018415);
#51=CYLINDRICAL_SURFACE('',#1955,0.0018415);
#52=CYLINDRICAL_SURFACE('',#1956,0.0018415);
#53=CYLINDRICAL_SURFACE('',#1957,0.0018415);
#54=CYLINDRICAL_SURFACE('',#1958,0.0018415);
#55=LINE('',#2477,#207);
#56=LINE('',#2480,#208);
#57=LINE('',#2484,#209);
#58=LINE('',#2486,#210);
#59=LINE('',#2488,#211);
#60=LINE('',#2490,#212);
#61=LINE('',#2492,#213);
#62=LINE('',#2496,#214);
#63=LINE('',#2498,#215);
#64=LINE('',#2500,#216);
#65=LINE('',#2502,#217);
#66=LINE('',#2506,#218);
#67=LINE('',#2510,#219);
#68=LINE('',#2512,#220);
#69=LINE('',#2516,#221);
#70=LINE('',#2520,#222);
#71=LINE('',#2524,#223);
#72=LINE('',#2528,#224);
#73=LINE('',#2556,#225);
#74=LINE('',#2559,#226);
#75=LINE('',#2561,#227);
#76=LINE('',#2563,#228);
#77=LINE('',#2567,#229);
#78=LINE('',#2569,#230);
#79=LINE('',#2573,#231);
#80=LINE('',#2577,#232);
#81=LINE('',#2579,#233);
#82=LINE('',#2583,#234);
#83=LINE('',#2585,#235);
#84=LINE('',#2587,#236);
#85=LINE('',#2589,#237);
#86=LINE('',#2591,#238);
#87=LINE('',#2595,#239);
#88=LINE('',#2599,#240);
#89=LINE('',#2601,#241);
#90=LINE('',#2605,#242);
#91=LINE('',#2607,#243);
#92=LINE('',#2609,#244);
#93=LINE('',#2611,#245);
#94=LINE('',#2613,#246);
#95=LINE('',#2617,#247);
#96=LINE('',#2619,#248);
#97=LINE('',#2623,#249);
#98=LINE('',#2627,#250);
#99=LINE('',#2631,#251);
#100=LINE('',#2635,#252);
#101=LINE('',#2636,#253);
#102=LINE('',#2641,#254);
#103=LINE('',#2644,#255);
#104=LINE('',#2649,#256);
#105=LINE('',#2652,#257);
#106=LINE('',#2657,#258);
#107=LINE('',#2663,#259);
#108=LINE('',#2667,#260);
#109=LINE('',#2671,#261);
#110=LINE('',#2675,#262);
#111=LINE('',#2689,#263);
#112=LINE('',#2690,#264);
#113=LINE('',#2692,#265);
#114=LINE('',#2693,#266);
#115=LINE('',#2697,#267);
#116=LINE('',#2698,#268);
#117=LINE('',#2700,#269);
#118=LINE('',#2702,#270);
#119=LINE('',#2703,#271);
#120=LINE('',#2705,#272);
#121=LINE('',#2707,#273);
#122=LINE('',#2709,#274);
#123=LINE('',#2711,#275);
#124=LINE('',#2712,#276);
#125=LINE('',#2714,#277);
#126=LINE('',#2716,#278);
#127=LINE('',#2720,#279);
#128=LINE('',#2721,#280);
#129=LINE('',#2725,#281);
#130=LINE('',#2727,#282);
#131=LINE('',#2729,#283);
#132=LINE('',#2734,#284);
#133=LINE('',#2735,#285);
#134=LINE('',#2737,#286);
#135=LINE('',#2739,#287);
#136=LINE('',#2745,#288);
#137=LINE('',#2749,#289);
#138=LINE('',#2751,#290);
#139=LINE('',#2755,#291);
#140=LINE('',#2759,#292);
#141=LINE('',#2761,#293);
#142=LINE('',#2765,#294);
#143=LINE('',#2767,#295);
#144=LINE('',#2769,#296);
#145=LINE('',#2771,#297);
#146=LINE('',#2773,#298);
#147=LINE('',#2775,#299);
#148=LINE('',#2779,#300);
#149=LINE('',#2781,#301);
#150=LINE('',#2783,#302);
#151=LINE('',#2787,#303);
#152=LINE('',#2789,#304);
#153=LINE('',#2791,#305);
#154=LINE('',#2793,#306);
#155=LINE('',#2795,#307);
#156=LINE('',#2799,#308);
#157=LINE('',#2803,#309);
#158=LINE('',#2805,#310);
#159=LINE('',#2807,#311);
#160=LINE('',#2809,#312);
#161=LINE('',#2813,#313);
#162=LINE('',#2815,#314);
#163=LINE('',#2820,#315);
#164=LINE('',#2822,#316);
#165=LINE('',#2824,#317);
#166=LINE('',#2826,#318);
#167=LINE('',#2830,#319);
#168=LINE('',#2832,#320);
#169=LINE('',#2834,#321);
#170=LINE('',#2836,#322);
#171=LINE('',#2838,#323);
#172=LINE('',#2840,#324);
#173=LINE('',#2844,#325);
#174=LINE('',#2846,#326);
#175=LINE('',#2848,#327);
#176=LINE('',#2850,#328);
#177=LINE('',#2852,#329);
#178=LINE('',#2854,#330);
#179=LINE('',#2856,#331);
#180=LINE('',#2860,#332);
#181=LINE('',#2862,#333);
#182=LINE('',#2871,#334);
#183=LINE('',#2875,#335);
#184=LINE('',#2877,#336);
#185=LINE('',#2879,#337);
#186=LINE('',#2881,#338);
#187=LINE('',#2885,#339);
#188=LINE('',#2887,#340);
#189=LINE('',#2891,#341);
#190=LINE('',#2893,#342);
#191=LINE('',#2895,#343);
#192=LINE('',#2897,#344);
#193=LINE('',#2901,#345);
#194=LINE('',#2905,#346);
#195=LINE('',#2907,#347);
#196=LINE('',#2909,#348);
#197=LINE('',#2911,#349);
#198=LINE('',#2915,#350);
#199=LINE('',#2917,#351);
#200=LINE('',#2919,#352);
#201=LINE('',#2938,#353);
#202=LINE('',#2940,#354);
#203=LINE('',#2943,#355);
#204=LINE('',#2945,#356);
#205=LINE('',#2948,#357);
#206=LINE('',#2950,#358);
#207=VECTOR('',#1973,1.);
#208=VECTOR('',#1974,1.);
#209=VECTOR('',#1977,1.);
#210=VECTOR('',#1978,1.);
#211=VECTOR('',#1979,1.);
#212=VECTOR('',#1980,1.);
#213=VECTOR('',#1981,1.);
#214=VECTOR('',#1984,1.);
#215=VECTOR('',#1985,1.);
#216=VECTOR('',#1986,1.);
#217=VECTOR('',#1987,1.);
#218=VECTOR('',#1990,1.);
#219=VECTOR('',#1993,1.);
#220=VECTOR('',#1994,1.);
#221=VECTOR('',#1997,1.);
#222=VECTOR('',#2000,1.);
#223=VECTOR('',#2003,1.);
#224=VECTOR('',#2006,1.);
#225=VECTOR('',#2035,1.);
#226=VECTOR('',#2036,1.);
#227=VECTOR('',#2037,1.);
#228=VECTOR('',#2038,1.);
#229=VECTOR('',#2041,1.);
#230=VECTOR('',#2042,1.);
#231=VECTOR('',#2045,1.);
#232=VECTOR('',#2048,1.);
#233=VECTOR('',#2049,1.);
#234=VECTOR('',#2052,1.);
#235=VECTOR('',#2053,1.);
#236=VECTOR('',#2054,1.);
#237=VECTOR('',#2055,1.);
#238=VECTOR('',#2056,1.);
#239=VECTOR('',#2059,1.);
#240=VECTOR('',#2062,1.);
#241=VECTOR('',#2063,1.);
#242=VECTOR('',#2066,1.);
#243=VECTOR('',#2067,1.);
#244=VECTOR('',#2068,1.);
#245=VECTOR('',#2069,1.);
#246=VECTOR('',#2070,1.);
#247=VECTOR('',#2073,1.);
#248=VECTOR('',#2074,1.);
#249=VECTOR('',#2077,1.);
#250=VECTOR('',#2080,1.);
#251=VECTOR('',#2083,1.);
#252=VECTOR('',#2086,1.);
#253=VECTOR('',#2087,1.);
#254=VECTOR('',#2090,1.);
#255=VECTOR('',#2093,1.);
#256=VECTOR('',#2096,1.);
#257=VECTOR('',#2099,1.);
#258=VECTOR('',#2102,1.);
#259=VECTOR('',#2107,1.);
#260=VECTOR('',#2110,1.);
#261=VECTOR('',#2113,1.);
#262=VECTOR('',#2116,1.);
#263=VECTOR('',#2131,1.);
#264=VECTOR('',#2132,1.);
#265=VECTOR('',#2135,1.);
#266=VECTOR('',#2136,1.);
#267=VECTOR('',#2141,1.);
#268=VECTOR('',#2142,1.);
#269=VECTOR('',#2143,1.);
#270=VECTOR('',#2144,1.);
#271=VECTOR('',#2145,1.);
#272=VECTOR('',#2148,1.);
#273=VECTOR('',#2151,1.);
#274=VECTOR('',#2154,1.);
#275=VECTOR('',#2157,1.);
#276=VECTOR('',#2158,1.);
#277=VECTOR('',#2159,1.);
#278=VECTOR('',#2160,1.);
#279=VECTOR('',#2165,1.);
#280=VECTOR('',#2166,1.);
#281=VECTOR('',#2171,1.);
#282=VECTOR('',#2172,1.);
#283=VECTOR('',#2173,1.);
#284=VECTOR('',#2178,1.);
#285=VECTOR('',#2179,1.);
#286=VECTOR('',#2182,1.);
#287=VECTOR('',#2183,1.);
#288=VECTOR('',#2190,1.);
#289=VECTOR('',#2195,1.);
#290=VECTOR('',#2196,1.);
#291=VECTOR('',#2201,1.);
#292=VECTOR('',#2206,1.);
#293=VECTOR('',#2207,1.);
#294=VECTOR('',#2212,1.);
#295=VECTOR('',#2215,1.);
#296=VECTOR('',#2218,1.);
#297=VECTOR('',#2219,1.);
#298=VECTOR('',#2220,1.);
#299=VECTOR('',#2223,1.);
#300=VECTOR('',#2228,1.);
#301=VECTOR('',#2229,1.);
#302=VECTOR('',#2232,1.);
#303=VECTOR('',#2235,1.);
#304=VECTOR('',#2238,1.);
#305=VECTOR('',#2241,1.);
#306=VECTOR('',#2242,1.);
#307=VECTOR('',#2245,1.);
#308=VECTOR('',#2250,1.);
#309=VECTOR('',#2253,1.);
#310=VECTOR('',#2256,1.);
#311=VECTOR('',#2257,1.);
#312=VECTOR('',#2260,1.);
#313=VECTOR('',#2265,1.);
#314=VECTOR('',#2268,1.);
#315=VECTOR('',#2277,1.);
#316=VECTOR('',#2278,1.);
#317=VECTOR('',#2279,1.);
#318=VECTOR('',#2282,1.);
#319=VECTOR('',#2287,1.);
#320=VECTOR('',#2288,1.);
#321=VECTOR('',#2291,1.);
#322=VECTOR('',#2292,1.);
#323=VECTOR('',#2293,1.);
#324=VECTOR('',#2296,1.);
#325=VECTOR('',#2301,1.);
#326=VECTOR('',#2304,1.);
#327=VECTOR('',#2305,1.);
#328=VECTOR('',#2308,1.);
#329=VECTOR('',#2309,1.);
#330=VECTOR('',#2310,1.);
#331=VECTOR('',#2313,1.);
#332=VECTOR('',#2318,1.);
#333=VECTOR('',#2319,1.);
#334=VECTOR('',#2336,1.);
#335=VECTOR('',#2339,1.);
#336=VECTOR('',#2342,1.);
#337=VECTOR('',#2343,1.);
#338=VECTOR('',#2346,1.);
#339=VECTOR('',#2351,1.);
#340=VECTOR('',#2354,1.);
#341=VECTOR('',#2357,1.);
#342=VECTOR('',#2360,1.);
#343=VECTOR('',#2361,1.);
#344=VECTOR('',#2364,1.);
#345=VECTOR('',#2369,1.);
#346=VECTOR('',#2372,1.);
#347=VECTOR('',#2375,1.);
#348=VECTOR('',#2376,1.);
#349=VECTOR('',#2379,1.);
#350=VECTOR('',#2384,1.);
#351=VECTOR('',#2387,1.);
#352=VECTOR('',#2390,1.);
#353=VECTOR('',#2419,1.);
#354=VECTOR('',#2422,1.);
#355=VECTOR('',#2427,1.);
#356=VECTOR('',#2430,1.);
#357=VECTOR('',#2435,1.);
#358=VECTOR('',#2438,1.);
#359=ORIENTED_EDGE('',*,*,#835,.F.);
#360=ORIENTED_EDGE('',*,*,#836,.T.);
#361=ORIENTED_EDGE('',*,*,#837,.T.);
#362=ORIENTED_EDGE('',*,*,#838,.T.);
#363=ORIENTED_EDGE('',*,*,#839,.F.);
#364=ORIENTED_EDGE('',*,*,#840,.F.);
#365=ORIENTED_EDGE('',*,*,#841,.T.);
#366=ORIENTED_EDGE('',*,*,#842,.T.);
#367=ORIENTED_EDGE('',*,*,#843,.F.);
#368=ORIENTED_EDGE('',*,*,#844,.T.);
#369=ORIENTED_EDGE('',*,*,#845,.T.);
#370=ORIENTED_EDGE('',*,*,#846,.F.);
#371=ORIENTED_EDGE('',*,*,#847,.F.);
#372=ORIENTED_EDGE('',*,*,#848,.T.);
#373=ORIENTED_EDGE('',*,*,#849,.F.);
#374=ORIENTED_EDGE('',*,*,#850,.T.);
#375=ORIENTED_EDGE('',*,*,#851,.T.);
#376=ORIENTED_EDGE('',*,*,#852,.T.);
#377=ORIENTED_EDGE('',*,*,#853,.T.);
#378=ORIENTED_EDGE('',*,*,#854,.F.);
#379=ORIENTED_EDGE('',*,*,#855,.T.);
#380=ORIENTED_EDGE('',*,*,#856,.F.);
#381=ORIENTED_EDGE('',*,*,#857,.F.);
#382=ORIENTED_EDGE('',*,*,#858,.F.);
#383=ORIENTED_EDGE('',*,*,#859,.F.);
#384=ORIENTED_EDGE('',*,*,#860,.F.);
#385=ORIENTED_EDGE('',*,*,#861,.T.);
#386=ORIENTED_EDGE('',*,*,#862,.F.);
#387=ORIENTED_EDGE('',*,*,#863,.T.);
#388=ORIENTED_EDGE('',*,*,#864,.F.);
#389=ORIENTED_EDGE('',*,*,#865,.T.);
#390=ORIENTED_EDGE('',*,*,#866,.F.);
#391=ORIENTED_EDGE('',*,*,#867,.T.);
#392=ORIENTED_EDGE('',*,*,#868,.F.);
#393=ORIENTED_EDGE('',*,*,#869,.T.);
#394=ORIENTED_EDGE('',*,*,#870,.F.);
#395=ORIENTED_EDGE('',*,*,#871,.F.);
#396=ORIENTED_EDGE('',*,*,#872,.T.);
#397=ORIENTED_EDGE('',*,*,#873,.T.);
#398=ORIENTED_EDGE('',*,*,#874,.T.);
#399=ORIENTED_EDGE('',*,*,#875,.T.);
#400=ORIENTED_EDGE('',*,*,#876,.T.);
#401=ORIENTED_EDGE('',*,*,#877,.T.);
#402=ORIENTED_EDGE('',*,*,#878,.T.);
#403=ORIENTED_EDGE('',*,*,#879,.F.);
#404=ORIENTED_EDGE('',*,*,#880,.T.);
#405=ORIENTED_EDGE('',*,*,#881,.T.);
#406=ORIENTED_EDGE('',*,*,#882,.T.);
#407=ORIENTED_EDGE('',*,*,#883,.F.);
#408=ORIENTED_EDGE('',*,*,#884,.T.);
#409=ORIENTED_EDGE('',*,*,#885,.F.);
#410=ORIENTED_EDGE('',*,*,#886,.F.);
#411=ORIENTED_EDGE('',*,*,#887,.T.);
#412=ORIENTED_EDGE('',*,*,#888,.F.);
#413=ORIENTED_EDGE('',*,*,#889,.T.);
#414=ORIENTED_EDGE('',*,*,#890,.T.);
#415=ORIENTED_EDGE('',*,*,#891,.F.);
#416=ORIENTED_EDGE('',*,*,#892,.F.);
#417=ORIENTED_EDGE('',*,*,#893,.F.);
#418=ORIENTED_EDGE('',*,*,#894,.F.);
#419=ORIENTED_EDGE('',*,*,#895,.T.);
#420=ORIENTED_EDGE('',*,*,#896,.F.);
#421=ORIENTED_EDGE('',*,*,#897,.T.);
#422=ORIENTED_EDGE('',*,*,#898,.T.);
#423=ORIENTED_EDGE('',*,*,#899,.T.);
#424=ORIENTED_EDGE('',*,*,#900,.T.);
#425=ORIENTED_EDGE('',*,*,#901,.T.);
#426=ORIENTED_EDGE('',*,*,#902,.F.);
#427=ORIENTED_EDGE('',*,*,#903,.T.);
#428=ORIENTED_EDGE('',*,*,#904,.T.);
#429=ORIENTED_EDGE('',*,*,#905,.F.);
#430=ORIENTED_EDGE('',*,*,#906,.F.);
#431=ORIENTED_EDGE('',*,*,#907,.T.);
#432=ORIENTED_EDGE('',*,*,#908,.F.);
#433=ORIENTED_EDGE('',*,*,#909,.F.);
#434=ORIENTED_EDGE('',*,*,#910,.F.);
#435=ORIENTED_EDGE('',*,*,#911,.F.);
#436=ORIENTED_EDGE('',*,*,#912,.F.);
#437=ORIENTED_EDGE('',*,*,#913,.F.);
#438=ORIENTED_EDGE('',*,*,#914,.T.);
#439=ORIENTED_EDGE('',*,*,#915,.T.);
#440=ORIENTED_EDGE('',*,*,#916,.F.);
#441=ORIENTED_EDGE('',*,*,#917,.F.);
#442=ORIENTED_EDGE('',*,*,#918,.T.);
#443=ORIENTED_EDGE('',*,*,#919,.F.);
#444=ORIENTED_EDGE('',*,*,#920,.T.);
#445=ORIENTED_EDGE('',*,*,#921,.T.);
#446=ORIENTED_EDGE('',*,*,#922,.F.);
#447=ORIENTED_EDGE('',*,*,#923,.T.);
#448=ORIENTED_EDGE('',*,*,#924,.F.);
#449=ORIENTED_EDGE('',*,*,#925,.F.);
#450=ORIENTED_EDGE('',*,*,#926,.F.);
#451=ORIENTED_EDGE('',*,*,#927,.T.);
#452=ORIENTED_EDGE('',*,*,#928,.F.);
#453=ORIENTED_EDGE('',*,*,#929,.F.);
#454=ORIENTED_EDGE('',*,*,#930,.F.);
#455=ORIENTED_EDGE('',*,*,#931,.T.);
#456=ORIENTED_EDGE('',*,*,#932,.F.);
#457=ORIENTED_EDGE('',*,*,#933,.T.);
#458=ORIENTED_EDGE('',*,*,#934,.T.);
#459=ORIENTED_EDGE('',*,*,#935,.T.);
#460=ORIENTED_EDGE('',*,*,#936,.F.);
#461=ORIENTED_EDGE('',*,*,#937,.T.);
#462=ORIENTED_EDGE('',*,*,#938,.T.);
#463=ORIENTED_EDGE('',*,*,#939,.F.);
#464=ORIENTED_EDGE('',*,*,#940,.F.);
#465=ORIENTED_EDGE('',*,*,#941,.F.);
#466=ORIENTED_EDGE('',*,*,#942,.F.);
#467=ORIENTED_EDGE('',*,*,#943,.F.);
#468=ORIENTED_EDGE('',*,*,#944,.F.);
#469=ORIENTED_EDGE('',*,*,#847,.T.);
#470=ORIENTED_EDGE('',*,*,#945,.T.);
#471=ORIENTED_EDGE('',*,*,#903,.F.);
#472=ORIENTED_EDGE('',*,*,#946,.F.);
#473=ORIENTED_EDGE('',*,*,#947,.F.);
#474=ORIENTED_EDGE('',*,*,#855,.F.);
#475=ORIENTED_EDGE('',*,*,#948,.T.);
#476=ORIENTED_EDGE('',*,*,#883,.T.);
#477=ORIENTED_EDGE('',*,*,#949,.F.);
#478=ORIENTED_EDGE('',*,*,#841,.F.);
#479=ORIENTED_EDGE('',*,*,#950,.T.);
#480=ORIENTED_EDGE('',*,*,#879,.T.);
#481=ORIENTED_EDGE('',*,*,#951,.F.);
#482=ORIENTED_EDGE('',*,*,#952,.T.);
#483=ORIENTED_EDGE('',*,*,#953,.T.);
#484=ORIENTED_EDGE('',*,*,#909,.T.);
#485=ORIENTED_EDGE('',*,*,#954,.F.);
#486=ORIENTED_EDGE('',*,*,#842,.F.);
#487=ORIENTED_EDGE('',*,*,#954,.T.);
#488=ORIENTED_EDGE('',*,*,#908,.T.);
#489=ORIENTED_EDGE('',*,*,#955,.F.);
#490=ORIENTED_EDGE('',*,*,#956,.F.);
#491=ORIENTED_EDGE('',*,*,#843,.T.);
#492=ORIENTED_EDGE('',*,*,#955,.T.);
#493=ORIENTED_EDGE('',*,*,#907,.F.);
#494=ORIENTED_EDGE('',*,*,#848,.F.);
#495=ORIENTED_EDGE('',*,*,#946,.T.);
#496=ORIENTED_EDGE('',*,*,#902,.T.);
#497=ORIENTED_EDGE('',*,*,#957,.F.);
#498=ORIENTED_EDGE('',*,*,#958,.F.);
#499=ORIENTED_EDGE('',*,*,#849,.T.);
#500=ORIENTED_EDGE('',*,*,#957,.T.);
#501=ORIENTED_EDGE('',*,*,#901,.F.);
#502=ORIENTED_EDGE('',*,*,#959,.F.);
#503=ORIENTED_EDGE('',*,*,#960,.F.);
#504=ORIENTED_EDGE('',*,*,#961,.T.);
#505=ORIENTED_EDGE('',*,*,#895,.F.);
#506=ORIENTED_EDGE('',*,*,#962,.F.);
#507=ORIENTED_EDGE('',*,*,#853,.F.);
#508=ORIENTED_EDGE('',*,*,#963,.T.);
#509=ORIENTED_EDGE('',*,*,#891,.T.);
#510=ORIENTED_EDGE('',*,*,#964,.F.);
#511=ORIENTED_EDGE('',*,*,#965,.F.);
#512=ORIENTED_EDGE('',*,*,#966,.F.);
#513=ORIENTED_EDGE('',*,*,#967,.F.);
#514=ORIENTED_EDGE('',*,*,#968,.T.);
#515=ORIENTED_EDGE('',*,*,#884,.F.);
#516=ORIENTED_EDGE('',*,*,#948,.F.);
#517=ORIENTED_EDGE('',*,*,#854,.T.);
#518=ORIENTED_EDGE('',*,*,#964,.T.);
#519=ORIENTED_EDGE('',*,*,#890,.F.);
#520=ORIENTED_EDGE('',*,*,#969,.F.);
#521=ORIENTED_EDGE('',*,*,#970,.F.);
#522=ORIENTED_EDGE('',*,*,#858,.T.);
#523=ORIENTED_EDGE('',*,*,#971,.T.);
#524=ORIENTED_EDGE('',*,*,#972,.F.);
#525=ORIENTED_EDGE('',*,*,#973,.F.);
#526=ORIENTED_EDGE('',*,*,#859,.T.);
#527=ORIENTED_EDGE('',*,*,#970,.T.);
#528=ORIENTED_EDGE('',*,*,#974,.T.);
#529=ORIENTED_EDGE('',*,*,#975,.F.);
#530=ORIENTED_EDGE('',*,*,#976,.F.);
#531=ORIENTED_EDGE('',*,*,#860,.T.);
#532=ORIENTED_EDGE('',*,*,#973,.T.);
#533=ORIENTED_EDGE('',*,*,#977,.T.);
#534=ORIENTED_EDGE('',*,*,#976,.T.);
#535=ORIENTED_EDGE('',*,*,#978,.T.);
#536=ORIENTED_EDGE('',*,*,#979,.F.);
#537=ORIENTED_EDGE('',*,*,#861,.F.);
#538=ORIENTED_EDGE('',*,*,#980,.F.);
#539=ORIENTED_EDGE('',*,*,#981,.F.);
#540=ORIENTED_EDGE('',*,*,#862,.T.);
#541=ORIENTED_EDGE('',*,*,#979,.T.);
#542=ORIENTED_EDGE('',*,*,#982,.F.);
#543=ORIENTED_EDGE('',*,*,#981,.T.);
#544=ORIENTED_EDGE('',*,*,#983,.T.);
#545=ORIENTED_EDGE('',*,*,#984,.F.);
#546=ORIENTED_EDGE('',*,*,#863,.F.);
#547=ORIENTED_EDGE('',*,*,#985,.F.);
#548=ORIENTED_EDGE('',*,*,#986,.F.);
#549=ORIENTED_EDGE('',*,*,#864,.T.);
#550=ORIENTED_EDGE('',*,*,#984,.T.);
#551=ORIENTED_EDGE('',*,*,#986,.T.);
#552=ORIENTED_EDGE('',*,*,#987,.T.);
#553=ORIENTED_EDGE('',*,*,#971,.F.);
#554=ORIENTED_EDGE('',*,*,#865,.F.);
#555=ORIENTED_EDGE('',*,*,#919,.T.);
#556=ORIENTED_EDGE('',*,*,#988,.F.);
#557=ORIENTED_EDGE('',*,*,#989,.F.);
#558=ORIENTED_EDGE('',*,*,#990,.T.);
#559=ORIENTED_EDGE('',*,*,#922,.T.);
#560=ORIENTED_EDGE('',*,*,#991,.F.);
#561=ORIENTED_EDGE('',*,*,#992,.F.);
#562=ORIENTED_EDGE('',*,*,#988,.T.);
#563=ORIENTED_EDGE('',*,*,#921,.F.);
#564=ORIENTED_EDGE('',*,*,#993,.F.);
#565=ORIENTED_EDGE('',*,*,#994,.T.);
#566=ORIENTED_EDGE('',*,*,#991,.T.);
#567=ORIENTED_EDGE('',*,*,#886,.T.);
#568=ORIENTED_EDGE('',*,*,#995,.F.);
#569=ORIENTED_EDGE('',*,*,#996,.F.);
#570=ORIENTED_EDGE('',*,*,#997,.T.);
#571=ORIENTED_EDGE('',*,*,#885,.T.);
#572=ORIENTED_EDGE('',*,*,#968,.F.);
#573=ORIENTED_EDGE('',*,*,#998,.F.);
#574=ORIENTED_EDGE('',*,*,#995,.T.);
#575=ORIENTED_EDGE('',*,*,#889,.F.);
#576=ORIENTED_EDGE('',*,*,#999,.F.);
#577=ORIENTED_EDGE('',*,*,#1000,.T.);
#578=ORIENTED_EDGE('',*,*,#966,.T.);
#579=ORIENTED_EDGE('',*,*,#888,.T.);
#580=ORIENTED_EDGE('',*,*,#1001,.F.);
#581=ORIENTED_EDGE('',*,*,#1002,.F.);
#582=ORIENTED_EDGE('',*,*,#999,.T.);
#583=ORIENTED_EDGE('',*,*,#915,.F.);
#584=ORIENTED_EDGE('',*,*,#1003,.F.);
#585=ORIENTED_EDGE('',*,*,#1004,.T.);
#586=ORIENTED_EDGE('',*,*,#1005,.T.);
#587=ORIENTED_EDGE('',*,*,#918,.F.);
#588=ORIENTED_EDGE('',*,*,#1006,.F.);
#589=ORIENTED_EDGE('',*,*,#1007,.T.);
#590=ORIENTED_EDGE('',*,*,#1003,.T.);
#591=ORIENTED_EDGE('',*,*,#917,.T.);
#592=ORIENTED_EDGE('',*,*,#1008,.F.);
#593=ORIENTED_EDGE('',*,*,#1009,.F.);
#594=ORIENTED_EDGE('',*,*,#1006,.T.);
#595=ORIENTED_EDGE('',*,*,#887,.F.);
#596=ORIENTED_EDGE('',*,*,#997,.F.);
#597=ORIENTED_EDGE('',*,*,#1010,.T.);
#598=ORIENTED_EDGE('',*,*,#1001,.T.);
#599=ORIENTED_EDGE('',*,*,#916,.T.);
#600=ORIENTED_EDGE('',*,*,#1005,.F.);
#601=ORIENTED_EDGE('',*,*,#1011,.F.);
#602=ORIENTED_EDGE('',*,*,#1008,.T.);
#603=ORIENTED_EDGE('',*,*,#920,.F.);
#604=ORIENTED_EDGE('',*,*,#990,.F.);
#605=ORIENTED_EDGE('',*,*,#1012,.T.);
#606=ORIENTED_EDGE('',*,*,#993,.T.);
#607=ORIENTED_EDGE('',*,*,#1004,.F.);
#608=ORIENTED_EDGE('',*,*,#1007,.F.);
#609=ORIENTED_EDGE('',*,*,#1009,.T.);
#610=ORIENTED_EDGE('',*,*,#1011,.T.);
#611=ORIENTED_EDGE('',*,*,#996,.T.);
#612=ORIENTED_EDGE('',*,*,#998,.T.);
#613=ORIENTED_EDGE('',*,*,#967,.T.);
#614=ORIENTED_EDGE('',*,*,#1000,.F.);
#615=ORIENTED_EDGE('',*,*,#1002,.T.);
#616=ORIENTED_EDGE('',*,*,#1010,.F.);
#617=ORIENTED_EDGE('',*,*,#989,.T.);
#618=ORIENTED_EDGE('',*,*,#992,.T.);
#619=ORIENTED_EDGE('',*,*,#994,.F.);
#620=ORIENTED_EDGE('',*,*,#1012,.F.);
#621=ORIENTED_EDGE('',*,*,#927,.F.);
#622=ORIENTED_EDGE('',*,*,#1013,.F.);
#623=ORIENTED_EDGE('',*,*,#1014,.T.);
#624=ORIENTED_EDGE('',*,*,#1015,.T.);
#625=ORIENTED_EDGE('',*,*,#930,.T.);
#626=ORIENTED_EDGE('',*,*,#1016,.F.);
#627=ORIENTED_EDGE('',*,*,#1017,.F.);
#628=ORIENTED_EDGE('',*,*,#1013,.T.);
#629=ORIENTED_EDGE('',*,*,#929,.T.);
#630=ORIENTED_EDGE('',*,*,#1018,.F.);
#631=ORIENTED_EDGE('',*,*,#1019,.F.);
#632=ORIENTED_EDGE('',*,*,#1016,.T.);
#633=ORIENTED_EDGE('',*,*,#898,.F.);
#634=ORIENTED_EDGE('',*,*,#1020,.F.);
#635=ORIENTED_EDGE('',*,*,#1021,.T.);
#636=ORIENTED_EDGE('',*,*,#1022,.T.);
#637=ORIENTED_EDGE('',*,*,#897,.F.);
#638=ORIENTED_EDGE('',*,*,#1023,.F.);
#639=ORIENTED_EDGE('',*,*,#1024,.T.);
#640=ORIENTED_EDGE('',*,*,#1020,.T.);
#641=ORIENTED_EDGE('',*,*,#896,.T.);
#642=ORIENTED_EDGE('',*,*,#961,.F.);
#643=ORIENTED_EDGE('',*,*,#1025,.F.);
#644=ORIENTED_EDGE('',*,*,#1023,.T.);
#645=ORIENTED_EDGE('',*,*,#900,.F.);
#646=ORIENTED_EDGE('',*,*,#1026,.F.);
#647=ORIENTED_EDGE('',*,*,#1027,.T.);
#648=ORIENTED_EDGE('',*,*,#959,.T.);
#649=ORIENTED_EDGE('',*,*,#923,.F.);
#650=ORIENTED_EDGE('',*,*,#1028,.F.);
#651=ORIENTED_EDGE('',*,*,#1029,.T.);
#652=ORIENTED_EDGE('',*,*,#1030,.T.);
#653=ORIENTED_EDGE('',*,*,#926,.T.);
#654=ORIENTED_EDGE('',*,*,#1031,.F.);
#655=ORIENTED_EDGE('',*,*,#1032,.F.);
#656=ORIENTED_EDGE('',*,*,#1028,.T.);
#657=ORIENTED_EDGE('',*,*,#925,.T.);
#658=ORIENTED_EDGE('',*,*,#1033,.F.);
#659=ORIENTED_EDGE('',*,*,#1034,.F.);
#660=ORIENTED_EDGE('',*,*,#1031,.T.);
#661=ORIENTED_EDGE('',*,*,#899,.F.);
#662=ORIENTED_EDGE('',*,*,#1022,.F.);
#663=ORIENTED_EDGE('',*,*,#1035,.T.);
#664=ORIENTED_EDGE('',*,*,#1026,.T.);
#665=ORIENTED_EDGE('',*,*,#924,.T.);
#666=ORIENTED_EDGE('',*,*,#1030,.F.);
#667=ORIENTED_EDGE('',*,*,#1036,.F.);
#668=ORIENTED_EDGE('',*,*,#1033,.T.);
#669=ORIENTED_EDGE('',*,*,#928,.T.);
#670=ORIENTED_EDGE('',*,*,#1015,.F.);
#671=ORIENTED_EDGE('',*,*,#1037,.F.);
#672=ORIENTED_EDGE('',*,*,#1018,.T.);
#673=ORIENTED_EDGE('',*,*,#1029,.F.);
#674=ORIENTED_EDGE('',*,*,#1032,.T.);
#675=ORIENTED_EDGE('',*,*,#1034,.T.);
#676=ORIENTED_EDGE('',*,*,#1036,.T.);
#677=ORIENTED_EDGE('',*,*,#1021,.F.);
#678=ORIENTED_EDGE('',*,*,#1024,.F.);
#679=ORIENTED_EDGE('',*,*,#1025,.T.);
#680=ORIENTED_EDGE('',*,*,#960,.T.);
#681=ORIENTED_EDGE('',*,*,#1027,.F.);
#682=ORIENTED_EDGE('',*,*,#1035,.F.);
#683=ORIENTED_EDGE('',*,*,#1014,.F.);
#684=ORIENTED_EDGE('',*,*,#1017,.T.);
#685=ORIENTED_EDGE('',*,*,#1019,.T.);
#686=ORIENTED_EDGE('',*,*,#1037,.T.);
#687=ORIENTED_EDGE('',*,*,#913,.T.);
#688=ORIENTED_EDGE('',*,*,#1038,.F.);
#689=ORIENTED_EDGE('',*,*,#1039,.F.);
#690=ORIENTED_EDGE('',*,*,#1040,.T.);
#691=ORIENTED_EDGE('',*,*,#912,.T.);
#692=ORIENTED_EDGE('',*,*,#1041,.F.);
#693=ORIENTED_EDGE('',*,*,#1042,.F.);
#694=ORIENTED_EDGE('',*,*,#1038,.T.);
#695=ORIENTED_EDGE('',*,*,#911,.T.);
#696=ORIENTED_EDGE('',*,*,#1043,.F.);
#697=ORIENTED_EDGE('',*,*,#1044,.F.);
#698=ORIENTED_EDGE('',*,*,#1041,.T.);
#699=ORIENTED_EDGE('',*,*,#910,.T.);
#700=ORIENTED_EDGE('',*,*,#953,.F.);
#701=ORIENTED_EDGE('',*,*,#1045,.F.);
#702=ORIENTED_EDGE('',*,*,#1043,.T.);
#703=ORIENTED_EDGE('',*,*,#935,.F.);
#704=ORIENTED_EDGE('',*,*,#1046,.F.);
#705=ORIENTED_EDGE('',*,*,#1047,.T.);
#706=ORIENTED_EDGE('',*,*,#1048,.T.);
#707=ORIENTED_EDGE('',*,*,#938,.F.);
#708=ORIENTED_EDGE('',*,*,#1049,.F.);
#709=ORIENTED_EDGE('',*,*,#1050,.T.);
#710=ORIENTED_EDGE('',*,*,#1046,.T.);
#711=ORIENTED_EDGE('',*,*,#937,.F.);
#712=ORIENTED_EDGE('',*,*,#1051,.F.);
#713=ORIENTED_EDGE('',*,*,#1052,.T.);
#714=ORIENTED_EDGE('',*,*,#1049,.T.);
#715=ORIENTED_EDGE('',*,*,#931,.F.);
#716=ORIENTED_EDGE('',*,*,#1053,.F.);
#717=ORIENTED_EDGE('',*,*,#1054,.T.);
#718=ORIENTED_EDGE('',*,*,#1055,.T.);
#719=ORIENTED_EDGE('',*,*,#934,.F.);
#720=ORIENTED_EDGE('',*,*,#1056,.F.);
#721=ORIENTED_EDGE('',*,*,#1057,.T.);
#722=ORIENTED_EDGE('',*,*,#1053,.T.);
#723=ORIENTED_EDGE('',*,*,#933,.F.);
#724=ORIENTED_EDGE('',*,*,#1058,.F.);
#725=ORIENTED_EDGE('',*,*,#1059,.T.);
#726=ORIENTED_EDGE('',*,*,#1056,.T.);
#727=ORIENTED_EDGE('',*,*,#936,.T.);
#728=ORIENTED_EDGE('',*,*,#1048,.F.);
#729=ORIENTED_EDGE('',*,*,#1060,.F.);
#730=ORIENTED_EDGE('',*,*,#1051,.T.);
#731=ORIENTED_EDGE('',*,*,#932,.T.);
#732=ORIENTED_EDGE('',*,*,#1055,.F.);
#733=ORIENTED_EDGE('',*,*,#1061,.F.);
#734=ORIENTED_EDGE('',*,*,#1058,.T.);
#735=ORIENTED_EDGE('',*,*,#914,.F.);
#736=ORIENTED_EDGE('',*,*,#1040,.F.);
#737=ORIENTED_EDGE('',*,*,#1062,.T.);
#738=ORIENTED_EDGE('',*,*,#951,.T.);
#739=ORIENTED_EDGE('',*,*,#1054,.F.);
#740=ORIENTED_EDGE('',*,*,#1057,.F.);
#741=ORIENTED_EDGE('',*,*,#1059,.F.);
#742=ORIENTED_EDGE('',*,*,#1061,.T.);
#743=ORIENTED_EDGE('',*,*,#1047,.F.);
#744=ORIENTED_EDGE('',*,*,#1050,.F.);
#745=ORIENTED_EDGE('',*,*,#1052,.F.);
#746=ORIENTED_EDGE('',*,*,#1060,.T.);
#747=ORIENTED_EDGE('',*,*,#1039,.T.);
#748=ORIENTED_EDGE('',*,*,#1042,.T.);
#749=ORIENTED_EDGE('',*,*,#1044,.T.);
#750=ORIENTED_EDGE('',*,*,#1045,.T.);
#751=ORIENTED_EDGE('',*,*,#952,.F.);
#752=ORIENTED_EDGE('',*,*,#1062,.F.);
#753=ORIENTED_EDGE('',*,*,#965,.T.);
#754=ORIENTED_EDGE('',*,*,#977,.F.);
#755=ORIENTED_EDGE('',*,*,#982,.T.);
#756=ORIENTED_EDGE('',*,*,#962,.T.);
#757=ORIENTED_EDGE('',*,*,#949,.T.);
#758=ORIENTED_EDGE('',*,*,#974,.F.);
#759=ORIENTED_EDGE('',*,*,#1063,.T.);
#760=ORIENTED_EDGE('',*,*,#1064,.T.);
#761=ORIENTED_EDGE('',*,*,#969,.T.);
#762=ORIENTED_EDGE('',*,*,#987,.F.);
#763=ORIENTED_EDGE('',*,*,#985,.T.);
#764=ORIENTED_EDGE('',*,*,#983,.F.);
#765=ORIENTED_EDGE('',*,*,#980,.T.);
#766=ORIENTED_EDGE('',*,*,#978,.F.);
#767=ORIENTED_EDGE('',*,*,#975,.T.);
#768=ORIENTED_EDGE('',*,*,#972,.T.);
#769=ORIENTED_EDGE('',*,*,#1065,.T.);
#770=ORIENTED_EDGE('',*,*,#1064,.F.);
#771=ORIENTED_EDGE('',*,*,#1065,.F.);
#772=ORIENTED_EDGE('',*,*,#1066,.T.);
#773=ORIENTED_EDGE('',*,*,#1063,.F.);
#774=ORIENTED_EDGE('',*,*,#1066,.F.);
#775=ORIENTED_EDGE('',*,*,#1067,.F.);
#776=ORIENTED_EDGE('',*,*,#856,.T.);
#777=ORIENTED_EDGE('',*,*,#947,.T.);
#778=ORIENTED_EDGE('',*,*,#882,.F.);
#779=ORIENTED_EDGE('',*,*,#1068,.F.);
#780=ORIENTED_EDGE('',*,*,#857,.T.);
#781=ORIENTED_EDGE('',*,*,#1067,.T.);
#782=ORIENTED_EDGE('',*,*,#881,.F.);
#783=ORIENTED_EDGE('',*,*,#950,.F.);
#784=ORIENTED_EDGE('',*,*,#840,.T.);
#785=ORIENTED_EDGE('',*,*,#1068,.T.);
#786=ORIENTED_EDGE('',*,*,#880,.F.);
#787=ORIENTED_EDGE('',*,*,#850,.F.);
#788=ORIENTED_EDGE('',*,*,#958,.T.);
#789=ORIENTED_EDGE('',*,*,#894,.T.);
#790=ORIENTED_EDGE('',*,*,#1069,.F.);
#791=ORIENTED_EDGE('',*,*,#851,.F.);
#792=ORIENTED_EDGE('',*,*,#1069,.T.);
#793=ORIENTED_EDGE('',*,*,#893,.T.);
#794=ORIENTED_EDGE('',*,*,#1070,.F.);
#795=ORIENTED_EDGE('',*,*,#852,.F.);
#796=ORIENTED_EDGE('',*,*,#1070,.T.);
#797=ORIENTED_EDGE('',*,*,#892,.T.);
#798=ORIENTED_EDGE('',*,*,#963,.F.);
#799=ORIENTED_EDGE('',*,*,#844,.F.);
#800=ORIENTED_EDGE('',*,*,#956,.T.);
#801=ORIENTED_EDGE('',*,*,#906,.T.);
#802=ORIENTED_EDGE('',*,*,#1071,.F.);
#803=ORIENTED_EDGE('',*,*,#845,.F.);
#804=ORIENTED_EDGE('',*,*,#1071,.T.);
#805=ORIENTED_EDGE('',*,*,#905,.T.);
#806=ORIENTED_EDGE('',*,*,#1072,.F.);
#807=ORIENTED_EDGE('',*,*,#945,.F.);
#808=ORIENTED_EDGE('',*,*,#846,.T.);
#809=ORIENTED_EDGE('',*,*,#1072,.T.);
#810=ORIENTED_EDGE('',*,*,#904,.F.);
#811=ORIENTED_EDGE('',*,*,#839,.T.);
#812=ORIENTED_EDGE('',*,*,#878,.F.);
#813=ORIENTED_EDGE('',*,*,#838,.F.);
#814=ORIENTED_EDGE('',*,*,#939,.T.);
#815=ORIENTED_EDGE('',*,*,#866,.T.);
#816=ORIENTED_EDGE('',*,*,#877,.F.);
#817=ORIENTED_EDGE('',*,*,#867,.F.);
#818=ORIENTED_EDGE('',*,*,#940,.T.);
#819=ORIENTED_EDGE('',*,*,#837,.F.);
#820=ORIENTED_EDGE('',*,*,#941,.T.);
#821=ORIENTED_EDGE('',*,*,#868,.T.);
#822=ORIENTED_EDGE('',*,*,#876,.F.);
#823=ORIENTED_EDGE('',*,*,#869,.F.);
#824=ORIENTED_EDGE('',*,*,#942,.T.);
#825=ORIENTED_EDGE('',*,*,#836,.F.);
#826=ORIENTED_EDGE('',*,*,#943,.T.);
#827=ORIENTED_EDGE('',*,*,#870,.T.);
#828=ORIENTED_EDGE('',*,*,#875,.F.);
#829=ORIENTED_EDGE('',*,*,#871,.T.);
#830=ORIENTED_EDGE('',*,*,#874,.F.);
#831=ORIENTED_EDGE('',*,*,#872,.F.);
#832=ORIENTED_EDGE('',*,*,#944,.T.);
#833=ORIENTED_EDGE('',*,*,#835,.T.);
#834=ORIENTED_EDGE('',*,*,#873,.F.);
#835=EDGE_CURVE('',#1073,#1073,#1243,.T.);
#836=EDGE_CURVE('',#1074,#1074,#1244,.T.);
#837=EDGE_CURVE('',#1075,#1075,#1245,.T.);
#838=EDGE_CURVE('',#1076,#1076,#1246,.T.);
#839=EDGE_CURVE('',#1077,#1077,#1247,.T.);
#840=EDGE_CURVE('',#1078,#1079,#55,.T.);
#841=EDGE_CURVE('',#1078,#1080,#56,.T.);
#842=EDGE_CURVE('',#1080,#1081,#1248,.T.);
#843=EDGE_CURVE('',#1082,#1081,#57,.T.);
#844=EDGE_CURVE('',#1082,#1083,#58,.T.);
#845=EDGE_CURVE('',#1083,#1084,#59,.T.);
#846=EDGE_CURVE('',#1085,#1084,#60,.T.);
#847=EDGE_CURVE('',#1086,#1085,#61,.T.);
#848=EDGE_CURVE('',#1086,#1087,#1249,.T.);
#849=EDGE_CURVE('',#1088,#1087,#62,.T.);
#850=EDGE_CURVE('',#1088,#1089,#63,.T.);
#851=EDGE_CURVE('',#1089,#1090,#64,.T.);
#852=EDGE_CURVE('',#1090,#1091,#65,.T.);
#853=EDGE_CURVE('',#1091,#1092,#1250,.T.);
#854=EDGE_CURVE('',#1093,#1092,#66,.T.);
#855=EDGE_CURVE('',#1093,#1094,#1251,.T.);
#856=EDGE_CURVE('',#1095,#1094,#67,.T.);
#857=EDGE_CURVE('',#1079,#1095,#68,.T.);
#858=EDGE_CURVE('',#1096,#1097,#1252,.T.);
#859=EDGE_CURVE('',#1098,#1096,#69,.T.);
#860=EDGE_CURVE('',#1099,#1098,#1253,.T.);
#861=EDGE_CURVE('',#1099,#1100,#70,.T.);
#862=EDGE_CURVE('',#1101,#1100,#1254,.T.);
#863=EDGE_CURVE('',#1101,#1102,#71,.T.);
#864=EDGE_CURVE('',#1103,#1102,#1255,.T.);
#865=EDGE_CURVE('',#1103,#1097,#72,.T.);
#866=EDGE_CURVE('',#1104,#1104,#1256,.T.);
#867=EDGE_CURVE('',#1105,#1105,#1257,.T.);
#868=EDGE_CURVE('',#1106,#1106,#1258,.T.);
#869=EDGE_CURVE('',#1107,#1107,#1259,.T.);
#870=EDGE_CURVE('',#1108,#1108,#1260,.T.);
#871=EDGE_CURVE('',#1109,#1109,#1261,.T.);
#872=EDGE_CURVE('',#1110,#1110,#1262,.T.);
#873=EDGE_CURVE('',#1111,#1111,#1263,.T.);
#874=EDGE_CURVE('',#1112,#1112,#1264,.T.);
#875=EDGE_CURVE('',#1113,#1113,#1265,.T.);
#876=EDGE_CURVE('',#1114,#1114,#1266,.T.);
#877=EDGE_CURVE('',#1115,#1115,#1267,.T.);
#878=EDGE_CURVE('',#1116,#1116,#1268,.T.);
#879=EDGE_CURVE('',#1117,#1118,#73,.T.);
#880=EDGE_CURVE('',#1117,#1119,#74,.T.);
#881=EDGE_CURVE('',#1119,#1120,#75,.T.);
#882=EDGE_CURVE('',#1120,#1121,#76,.T.);
#883=EDGE_CURVE('',#1122,#1121,#1269,.T.);
#884=EDGE_CURVE('',#1122,#1123,#77,.T.);
#885=EDGE_CURVE('',#1124,#1123,#78,.T.);
#886=EDGE_CURVE('',#1125,#1124,#1270,.T.);
#887=EDGE_CURVE('',#1125,#1126,#79,.T.);
#888=EDGE_CURVE('',#1127,#1126,#1271,.T.);
#889=EDGE_CURVE('',#1127,#1128,#80,.T.);
#890=EDGE_CURVE('',#1128,#1129,#81,.T.);
#891=EDGE_CURVE('',#1130,#1129,#1272,.T.);
#892=EDGE_CURVE('',#1131,#1130,#82,.T.);
#893=EDGE_CURVE('',#1132,#1131,#83,.T.);
#894=EDGE_CURVE('',#1133,#1132,#84,.T.);
#895=EDGE_CURVE('',#1133,#1134,#85,.T.);
#896=EDGE_CURVE('',#1135,#1134,#86,.T.);
#897=EDGE_CURVE('',#1135,#1136,#1273,.T.);
#898=EDGE_CURVE('',#1136,#1137,#87,.T.);
#899=EDGE_CURVE('',#1137,#1138,#1274,.T.);
#900=EDGE_CURVE('',#1138,#1139,#88,.T.);
#901=EDGE_CURVE('',#1139,#1140,#89,.T.);
#902=EDGE_CURVE('',#1141,#1140,#1275,.T.);
#903=EDGE_CURVE('',#1141,#1142,#90,.T.);
#904=EDGE_CURVE('',#1142,#1143,#91,.T.);
#905=EDGE_CURVE('',#1144,#1143,#92,.T.);
#906=EDGE_CURVE('',#1145,#1144,#93,.T.);
#907=EDGE_CURVE('',#1145,#1146,#94,.T.);
#908=EDGE_CURVE('',#1147,#1146,#1276,.T.);
#909=EDGE_CURVE('',#1148,#1147,#95,.T.);
#910=EDGE_CURVE('',#1149,#1148,#96,.T.);
#911=EDGE_CURVE('',#1150,#1149,#1277,.T.);
#912=EDGE_CURVE('',#1151,#1150,#97,.T.);
#913=EDGE_CURVE('',#1152,#1151,#1278,.T.);
#914=EDGE_CURVE('',#1152,#1118,#98,.T.);
#915=EDGE_CURVE('',#1153,#1154,#1279,.T.);
#916=EDGE_CURVE('',#1155,#1154,#99,.T.);
#917=EDGE_CURVE('',#1156,#1155,#1280,.T.);
#918=EDGE_CURVE('',#1156,#1153,#100,.T.);
#919=EDGE_CURVE('',#1157,#1158,#101,.T.);
#920=EDGE_CURVE('',#1157,#1159,#1281,.T.);
#921=EDGE_CURVE('',#1159,#1160,#102,.T.);
#922=EDGE_CURVE('',#1158,#1160,#1282,.T.);
#923=EDGE_CURVE('',#1161,#1162,#103,.T.);
#924=EDGE_CURVE('',#1163,#1162,#1283,.T.);
#925=EDGE_CURVE('',#1164,#1163,#104,.T.);
#926=EDGE_CURVE('',#1161,#1164,#1284,.T.);
#927=EDGE_CURVE('',#1165,#1166,#105,.T.);
#928=EDGE_CURVE('',#1167,#1166,#1285,.T.);
#929=EDGE_CURVE('',#1168,#1167,#106,.T.);
#930=EDGE_CURVE('',#1165,#1168,#1286,.T.);
#931=EDGE_CURVE('',#1169,#1170,#1287,.T.);
#932=EDGE_CURVE('',#1171,#1170,#107,.T.);
#933=EDGE_CURVE('',#1171,#1172,#1288,.T.);
#934=EDGE_CURVE('',#1172,#1169,#108,.T.);
#935=EDGE_CURVE('',#1173,#1174,#1289,.T.);
#936=EDGE_CURVE('',#1175,#1174,#109,.T.);
#937=EDGE_CURVE('',#1175,#1176,#1290,.T.);
#938=EDGE_CURVE('',#1176,#1173,#110,.T.);
#939=EDGE_CURVE('',#1177,#1177,#1291,.F.);
#940=EDGE_CURVE('',#1178,#1178,#1292,.F.);
#941=EDGE_CURVE('',#1179,#1179,#1293,.F.);
#942=EDGE_CURVE('',#1180,#1180,#1294,.F.);
#943=EDGE_CURVE('',#1181,#1181,#1295,.F.);
#944=EDGE_CURVE('',#1182,#1182,#1296,.F.);
#945=EDGE_CURVE('',#1085,#1142,#111,.T.);
#946=EDGE_CURVE('',#1086,#1141,#112,.T.);
#947=EDGE_CURVE('',#1094,#1121,#113,.T.);
#948=EDGE_CURVE('',#1093,#1122,#114,.T.);
#949=EDGE_CURVE('',#1183,#1183,#1297,.T.);
#950=EDGE_CURVE('',#1078,#1117,#115,.T.);
#951=EDGE_CURVE('',#1184,#1118,#116,.T.);
#952=EDGE_CURVE('',#1184,#1185,#117,.T.);
#953=EDGE_CURVE('',#1185,#1148,#118,.T.);
#954=EDGE_CURVE('',#1080,#1147,#119,.T.);
#955=EDGE_CURVE('',#1081,#1146,#120,.T.);
#956=EDGE_CURVE('',#1082,#1145,#121,.T.);
#957=EDGE_CURVE('',#1087,#1140,#122,.T.);
#958=EDGE_CURVE('',#1088,#1133,#123,.T.);
#959=EDGE_CURVE('',#1186,#1139,#124,.T.);
#960=EDGE_CURVE('',#1187,#1186,#125,.T.);
#961=EDGE_CURVE('',#1187,#1134,#126,.T.);
#962=EDGE_CURVE('',#1188,#1188,#1298,.T.);
#963=EDGE_CURVE('',#1091,#1130,#127,.T.);
#964=EDGE_CURVE('',#1092,#1129,#128,.T.);
#965=EDGE_CURVE('',#1189,#1189,#1299,.T.);
#966=EDGE_CURVE('',#1190,#1128,#129,.T.);
#967=EDGE_CURVE('',#1191,#1190,#130,.T.);
#968=EDGE_CURVE('',#1191,#1123,#131,.T.);
#969=EDGE_CURVE('',#1192,#1193,#1300,.T.);
#970=EDGE_CURVE('',#1096,#1192,#132,.T.);
#971=EDGE_CURVE('',#1097,#1193,#133,.T.);
#972=EDGE_CURVE('',#1194,#1192,#134,.T.);
#973=EDGE_CURVE('',#1098,#1194,#135,.T.);
#974=EDGE_CURVE('',#1195,#1195,#1301,.F.);
#975=EDGE_CURVE('',#1196,#1194,#1302,.T.);
#976=EDGE_CURVE('',#1099,#1196,#136,.T.);
#977=EDGE_CURVE('',#1197,#1197,#1303,.T.);
#978=EDGE_CURVE('',#1196,#1198,#137,.T.);
#979=EDGE_CURVE('',#1100,#1198,#138,.T.);
#980=EDGE_CURVE('',#1199,#1198,#1304,.T.);
#981=EDGE_CURVE('',#1101,#1199,#139,.T.);
#982=EDGE_CURVE('',#1200,#1200,#1305,.F.);
#983=EDGE_CURVE('',#1199,#1201,#140,.T.);
#984=EDGE_CURVE('',#1102,#1201,#141,.T.);
#985=EDGE_CURVE('',#1202,#1201,#1306,.T.);
#986=EDGE_CURVE('',#1103,#1202,#142,.T.);
#987=EDGE_CURVE('',#1202,#1193,#143,.T.);
#988=EDGE_CURVE('',#1203,#1158,#144,.T.);
#989=EDGE_CURVE('',#1204,#1203,#145,.T.);
#990=EDGE_CURVE('',#1204,#1157,#146,.T.);
#991=EDGE_CURVE('',#1205,#1160,#147,.T.);
#992=EDGE_CURVE('',#1203,#1205,#1307,.T.);
#993=EDGE_CURVE('',#1206,#1159,#148,.T.);
#994=EDGE_CURVE('',#1206,#1205,#149,.T.);
#995=EDGE_CURVE('',#1207,#1124,#150,.T.);
#996=EDGE_CURVE('',#1208,#1207,#1308,.T.);
#997=EDGE_CURVE('',#1208,#1125,#151,.T.);
#998=EDGE_CURVE('',#1207,#1191,#152,.T.);
#999=EDGE_CURVE('',#1209,#1127,#153,.T.);
#1000=EDGE_CURVE('',#1209,#1190,#154,.T.);
#1001=EDGE_CURVE('',#1210,#1126,#155,.T.);
#1002=EDGE_CURVE('',#1209,#1210,#1309,.T.);
#1003=EDGE_CURVE('',#1211,#1153,#156,.T.);
#1004=EDGE_CURVE('',#1211,#1212,#1310,.T.);
#1005=EDGE_CURVE('',#1212,#1154,#157,.T.);
#1006=EDGE_CURVE('',#1213,#1156,#158,.T.);
#1007=EDGE_CURVE('',#1213,#1211,#159,.T.);
#1008=EDGE_CURVE('',#1214,#1155,#160,.T.);
#1009=EDGE_CURVE('',#1213,#1214,#1311,.T.);
#1010=EDGE_CURVE('',#1208,#1210,#161,.T.);
#1011=EDGE_CURVE('',#1214,#1212,#162,.T.);
#1012=EDGE_CURVE('',#1204,#1206,#1312,.T.);
#1013=EDGE_CURVE('',#1215,#1165,#163,.T.);
#1014=EDGE_CURVE('',#1215,#1216,#164,.T.);
#1015=EDGE_CURVE('',#1216,#1166,#165,.T.);
#1016=EDGE_CURVE('',#1217,#1168,#166,.T.);
#1017=EDGE_CURVE('',#1215,#1217,#1313,.T.);
#1018=EDGE_CURVE('',#1218,#1167,#167,.T.);
#1019=EDGE_CURVE('',#1217,#1218,#168,.T.);
#1020=EDGE_CURVE('',#1219,#1136,#169,.T.);
#1021=EDGE_CURVE('',#1219,#1220,#170,.T.);
#1022=EDGE_CURVE('',#1220,#1137,#171,.T.);
#1023=EDGE_CURVE('',#1221,#1135,#172,.T.);
#1024=EDGE_CURVE('',#1221,#1219,#1314,.T.);
#1025=EDGE_CURVE('',#1221,#1187,#173,.T.);
#1026=EDGE_CURVE('',#1222,#1138,#174,.T.);
#1027=EDGE_CURVE('',#1222,#1186,#175,.T.);
#1028=EDGE_CURVE('',#1223,#1161,#176,.T.);
#1029=EDGE_CURVE('',#1223,#1224,#177,.T.);
#1030=EDGE_CURVE('',#1224,#1162,#178,.T.);
#1031=EDGE_CURVE('',#1225,#1164,#179,.T.);
#1032=EDGE_CURVE('',#1223,#1225,#1315,.T.);
#1033=EDGE_CURVE('',#1226,#1163,#180,.T.);
#1034=EDGE_CURVE('',#1225,#1226,#181,.T.);
#1035=EDGE_CURVE('',#1220,#1222,#1316,.T.);
#1036=EDGE_CURVE('',#1226,#1224,#1317,.T.);
#1037=EDGE_CURVE('',#1218,#1216,#1318,.T.);
#1038=EDGE_CURVE('',#1227,#1151,#182,.T.);
#1039=EDGE_CURVE('',#1228,#1227,#1319,.T.);
#1040=EDGE_CURVE('',#1228,#1152,#183,.T.);
#1041=EDGE_CURVE('',#1229,#1150,#184,.T.);
#1042=EDGE_CURVE('',#1227,#1229,#185,.T.);
#1043=EDGE_CURVE('',#1230,#1149,#186,.T.);
#1044=EDGE_CURVE('',#1229,#1230,#1320,.T.);
#1045=EDGE_CURVE('',#1230,#1185,#187,.T.);
#1046=EDGE_CURVE('',#1231,#1173,#188,.T.);
#1047=EDGE_CURVE('',#1231,#1232,#1321,.T.);
#1048=EDGE_CURVE('',#1232,#1174,#189,.T.);
#1049=EDGE_CURVE('',#1233,#1176,#190,.T.);
#1050=EDGE_CURVE('',#1233,#1231,#191,.T.);
#1051=EDGE_CURVE('',#1234,#1175,#192,.T.);
#1052=EDGE_CURVE('',#1234,#1233,#1322,.T.);
#1053=EDGE_CURVE('',#1235,#1169,#193,.T.);
#1054=EDGE_CURVE('',#1235,#1236,#1323,.T.);
#1055=EDGE_CURVE('',#1236,#1170,#194,.T.);
#1056=EDGE_CURVE('',#1237,#1172,#195,.T.);
#1057=EDGE_CURVE('',#1237,#1235,#196,.T.);
#1058=EDGE_CURVE('',#1238,#1171,#197,.T.);
#1059=EDGE_CURVE('',#1238,#1237,#1324,.T.);
#1060=EDGE_CURVE('',#1234,#1232,#198,.T.);
#1061=EDGE_CURVE('',#1238,#1236,#199,.T.);
#1062=EDGE_CURVE('',#1228,#1184,#200,.T.);
#1063=EDGE_CURVE('',#1239,#1239,#1325,.T.);
#1064=EDGE_CURVE('',#1240,#1240,#1326,.T.);
#1065=EDGE_CURVE('',#1241,#1241,#1327,.T.);
#1066=EDGE_CURVE('',#1242,#1242,#1328,.T.);
#1067=EDGE_CURVE('',#1095,#1120,#201,.T.);
#1068=EDGE_CURVE('',#1079,#1119,#202,.T.);
#1069=EDGE_CURVE('',#1089,#1132,#203,.T.);
#1070=EDGE_CURVE('',#1090,#1131,#204,.T.);
#1071=EDGE_CURVE('',#1083,#1144,#205,.T.);
#1072=EDGE_CURVE('',#1084,#1143,#206,.T.);
#1073=VERTEX_POINT('',#2468);
#1074=VERTEX_POINT('',#2470);
#1075=VERTEX_POINT('',#2472);
#1076=VERTEX_POINT('',#2474);
#1077=VERTEX_POINT('',#2476);
#1078=VERTEX_POINT('',#2478);
#1079=VERTEX_POINT('',#2479);
#1080=VERTEX_POINT('',#2481);
#1081=VERTEX_POINT('',#2483);
#1082=VERTEX_POINT('',#2485);
#1083=VERTEX_POINT('',#2487);
#1084=VERTEX_POINT('',#2489);
#1085=VERTEX_POINT('',#2491);
#1086=VERTEX_POINT('',#2493);
#1087=VERTEX_POINT('',#2495);
#1088=VERTEX_POINT('',#2497);
#1089=VERTEX_POINT('',#2499);
#1090=VERTEX_POINT('',#2501);
#1091=VERTEX_POINT('',#2503);
#1092=VERTEX_POINT('',#2505);
#1093=VERTEX_POINT('',#2507);
#1094=VERTEX_POINT('',#2509);
#1095=VERTEX_POINT('',#2511);
#1096=VERTEX_POINT('',#2514);
#1097=VERTEX_POINT('',#2515);
#1098=VERTEX_POINT('',#2517);
#1099=VERTEX_POINT('',#2519);
#1100=VERTEX_POINT('',#2521);
#1101=VERTEX_POINT('',#2523);
#1102=VERTEX_POINT('',#2525);
#1103=VERTEX_POINT('',#2527);
#1104=VERTEX_POINT('',#2530);
#1105=VERTEX_POINT('',#2532);
#1106=VERTEX_POINT('',#2534);
#1107=VERTEX_POINT('',#2536);
#1108=VERTEX_POINT('',#2538);
#1109=VERTEX_POINT('',#2540);
#1110=VERTEX_POINT('',#2542);
#1111=VERTEX_POINT('',#2545);
#1112=VERTEX_POINT('',#2547);
#1113=VERTEX_POINT('',#2549);
#1114=VERTEX_POINT('',#2551);
#1115=VERTEX_POINT('',#2553);
#1116=VERTEX_POINT('',#2555);
#1117=VERTEX_POINT('',#2557);
#1118=VERTEX_POINT('',#2558);
#1119=VERTEX_POINT('',#2560);
#1120=VERTEX_POINT('',#2562);
#1121=VERTEX_POINT('',#2564);
#1122=VERTEX_POINT('',#2566);
#1123=VERTEX_POINT('',#2568);
#1124=VERTEX_POINT('',#2570);
#1125=VERTEX_POINT('',#2572);
#1126=VERTEX_POINT('',#2574);
#1127=VERTEX_POINT('',#2576);
#1128=VERTEX_POINT('',#2578);
#1129=VERTEX_POINT('',#2580);
#1130=VERTEX_POINT('',#2582);
#1131=VERTEX_POINT('',#2584);
#1132=VERTEX_POINT('',#2586);
#1133=VERTEX_POINT('',#2588);
#1134=VERTEX_POINT('',#2590);
#1135=VERTEX_POINT('',#2592);
#1136=VERTEX_POINT('',#2594);
#1137=VERTEX_POINT('',#2596);
#1138=VERTEX_POINT('',#2598);
#1139=VERTEX_POINT('',#2600);
#1140=VERTEX_POINT('',#2602);
#1141=VERTEX_POINT('',#2604);
#1142=VERTEX_POINT('',#2606);
#1143=VERTEX_POINT('',#2608);
#1144=VERTEX_POINT('',#2610);
#1145=VERTEX_POINT('',#2612);
#1146=VERTEX_POINT('',#2614);
#1147=VERTEX_POINT('',#2616);
#1148=VERTEX_POINT('',#2618);
#1149=VERTEX_POINT('',#2620);
#1150=VERTEX_POINT('',#2622);
#1151=VERTEX_POINT('',#2624);
#1152=VERTEX_POINT('',#2626);
#1153=VERTEX_POINT('',#2629);
#1154=VERTEX_POINT('',#2630);
#1155=VERTEX_POINT('',#2632);
#1156=VERTEX_POINT('',#2634);
#1157=VERTEX_POINT('',#2637);
#1158=VERTEX_POINT('',#2638);
#1159=VERTEX_POINT('',#2640);
#1160=VERTEX_POINT('',#2642);
#1161=VERTEX_POINT('',#2645);
#1162=VERTEX_POINT('',#2646);
#1163=VERTEX_POINT('',#2648);
#1164=VERTEX_POINT('',#2650);
#1165=VERTEX_POINT('',#2653);
#1166=VERTEX_POINT('',#2654);
#1167=VERTEX_POINT('',#2656);
#1168=VERTEX_POINT('',#2658);
#1169=VERTEX_POINT('',#2661);
#1170=VERTEX_POINT('',#2662);
#1171=VERTEX_POINT('',#2664);
#1172=VERTEX_POINT('',#2666);
#1173=VERTEX_POINT('',#2669);
#1174=VERTEX_POINT('',#2670);
#1175=VERTEX_POINT('',#2672);
#1176=VERTEX_POINT('',#2674);
#1177=VERTEX_POINT('',#2677);
#1178=VERTEX_POINT('',#2679);
#1179=VERTEX_POINT('',#2681);
#1180=VERTEX_POINT('',#2683);
#1181=VERTEX_POINT('',#2685);
#1182=VERTEX_POINT('',#2687);
#1183=VERTEX_POINT('',#2696);
#1184=VERTEX_POINT('',#2699);
#1185=VERTEX_POINT('',#2701);
#1186=VERTEX_POINT('',#2713);
#1187=VERTEX_POINT('',#2715);
#1188=VERTEX_POINT('',#2718);
#1189=VERTEX_POINT('',#2724);
#1190=VERTEX_POINT('',#2726);
#1191=VERTEX_POINT('',#2728);
#1192=VERTEX_POINT('',#2732);
#1193=VERTEX_POINT('',#2733);
#1194=VERTEX_POINT('',#2738);
#1195=VERTEX_POINT('',#2741);
#1196=VERTEX_POINT('',#2744);
#1197=VERTEX_POINT('',#2748);
#1198=VERTEX_POINT('',#2750);
#1199=VERTEX_POINT('',#2754);
#1200=VERTEX_POINT('',#2758);
#1201=VERTEX_POINT('',#2760);
#1202=VERTEX_POINT('',#2764);
#1203=VERTEX_POINT('',#2770);
#1204=VERTEX_POINT('',#2772);
#1205=VERTEX_POINT('',#2776);
#1206=VERTEX_POINT('',#2780);
#1207=VERTEX_POINT('',#2784);
#1208=VERTEX_POINT('',#2786);
#1209=VERTEX_POINT('',#2792);
#1210=VERTEX_POINT('',#2796);
#1211=VERTEX_POINT('',#2800);
#1212=VERTEX_POINT('',#2802);
#1213=VERTEX_POINT('',#2806);
#1214=VERTEX_POINT('',#2810);
#1215=VERTEX_POINT('',#2821);
#1216=VERTEX_POINT('',#2823);
#1217=VERTEX_POINT('',#2827);
#1218=VERTEX_POINT('',#2831);
#1219=VERTEX_POINT('',#2835);
#1220=VERTEX_POINT('',#2837);
#1221=VERTEX_POINT('',#2841);
#1222=VERTEX_POINT('',#2847);
#1223=VERTEX_POINT('',#2851);
#1224=VERTEX_POINT('',#2853);
#1225=VERTEX_POINT('',#2857);
#1226=VERTEX_POINT('',#2861);
#1227=VERTEX_POINT('',#2872);
#1228=VERTEX_POINT('',#2874);
#1229=VERTEX_POINT('',#2878);
#1230=VERTEX_POINT('',#2882);
#1231=VERTEX_POINT('',#2888);
#1232=VERTEX_POINT('',#2890);
#1233=VERTEX_POINT('',#2894);
#1234=VERTEX_POINT('',#2898);
#1235=VERTEX_POINT('',#2902);
#1236=VERTEX_POINT('',#2904);
#1237=VERTEX_POINT('',#2908);
#1238=VERTEX_POINT('',#2912);
#1239=VERTEX_POINT('',#2926);
#1240=VERTEX_POINT('',#2928);
#1241=VERTEX_POINT('',#2931);
#1242=VERTEX_POINT('',#2935);
#1243=CIRCLE('',#1784,0.0018415);
#1244=CIRCLE('',#1785,0.0018415);
#1245=CIRCLE('',#1786,0.0018415);
#1246=CIRCLE('',#1787,0.0018415);
#1247=CIRCLE('',#1788,0.0018415);
#1248=CIRCLE('',#1789,0.020955);
#1249=CIRCLE('',#1790,0.020955);
#1250=CIRCLE('',#1791,0.020955);
#1251=CIRCLE('',#1792,0.020955);
#1252=CIRCLE('',#1793,0.008255);
#1253=CIRCLE('',#1794,0.008255);
#1254=CIRCLE('',#1795,0.008255);
#1255=CIRCLE('',#1796,0.008255);
#1256=CIRCLE('',#1797,0.0018415);
#1257=CIRCLE('',#1798,0.0018415);
#1258=CIRCLE('',#1799,0.0018415);
#1259=CIRCLE('',#1800,0.0018415);
#1260=CIRCLE('',#1801,0.0018415);
#1261=CIRCLE('',#1802,0.0018415);
#1262=CIRCLE('',#1803,0.0018415);
#1263=CIRCLE('',#1805,0.0018415);
#1264=CIRCLE('',#1806,0.0018415);
#1265=CIRCLE('',#1807,0.0018415);
#1266=CIRCLE('',#1808,0.0018415);
#1267=CIRCLE('',#1809,0.0018415);
#1268=CIRCLE('',#1810,0.0018415);
#1269=CIRCLE('',#1811,0.020955);
#1270=CIRCLE('',#1812,0.00635);
#1271=CIRCLE('',#1813,0.00635);
#1272=CIRCLE('',#1814,0.020955);
#1273=CIRCLE('',#1815,0.00635);
#1274=CIRCLE('',#1816,0.00635);
#1275=CIRCLE('',#1817,0.020955);
#1276=CIRCLE('',#1818,0.020955);
#1277=CIRCLE('',#1819,0.00635);
#1278=CIRCLE('',#1820,0.00635);
#1279=CIRCLE('',#1821,0.00325);
#1280=CIRCLE('',#1822,0.00325);
#1281=CIRCLE('',#1823,0.00325);
#1282=CIRCLE('',#1824,0.00325);
#1283=CIRCLE('',#1825,0.00325);
#1284=CIRCLE('',#1826,0.00325);
#1285=CIRCLE('',#1827,0.00325);
#1286=CIRCLE('',#1828,0.00325);
#1287=CIRCLE('',#1829,0.00325);
#1288=CIRCLE('',#1830,0.00325);
#1289=CIRCLE('',#1831,0.00325);
#1290=CIRCLE('',#1832,0.00325);
#1291=CIRCLE('',#1833,0.0018415);
#1292=CIRCLE('',#1834,0.0018415);
#1293=CIRCLE('',#1835,0.0018415);
#1294=CIRCLE('',#1836,0.0018415);
#1295=CIRCLE('',#1837,0.0018415);
#1296=CIRCLE('',#1838,0.0018415);
#1297=CIRCLE('',#1842,0.003048);
#1298=CIRCLE('',#1847,0.003048);
#1299=CIRCLE('',#1850,0.003048);
#1300=CIRCLE('',#1852,0.008255);
#1301=CIRCLE('',#1854,0.003048);
#1302=CIRCLE('',#1856,0.008255);
#1303=CIRCLE('',#1858,0.003048);
#1304=CIRCLE('',#1860,0.008255);
#1305=CIRCLE('',#1862,0.003048);
#1306=CIRCLE('',#1864,0.008255);
#1307=CIRCLE('',#1868,0.00325);
#1308=CIRCLE('',#1871,0.00635);
#1309=CIRCLE('',#1875,0.00635);
#1310=CIRCLE('',#1877,0.00325);
#1311=CIRCLE('',#1880,0.00325);
#1312=CIRCLE('',#1884,0.00325);
#1313=CIRCLE('',#1888,0.00325);
#1314=CIRCLE('',#1892,0.00635);
#1315=CIRCLE('',#1897,0.00325);
#1316=CIRCLE('',#1900,0.00635);
#1317=CIRCLE('',#1902,0.00325);
#1318=CIRCLE('',#1904,0.00325);
#1319=CIRCLE('',#1907,0.00635);
#1320=CIRCLE('',#1910,0.00635);
#1321=CIRCLE('',#1913,0.00325);
#1322=CIRCLE('',#1916,0.00325);
#1323=CIRCLE('',#1918,0.00325);
#1324=CIRCLE('',#1921,0.00325);
#1325=CIRCLE('',#1930,0.00381);
#1326=CIRCLE('',#1931,0.00381);
#1327=CIRCLE('',#1933,0.00381);
#1328=CIRCLE('',#1936,0.00381);
#1329=EDGE_LOOP('',(#359));
#1330=EDGE_LOOP('',(#360));
#1331=EDGE_LOOP('',(#361));
#1332=EDGE_LOOP('',(#362));
#1333=EDGE_LOOP('',(#363));
#1334=EDGE_LOOP('',(#364,#365,#366,#367,#368,#369,#370,#371,#372,#373,#374,
#375,#376,#377,#378,#379,#380,#381));
#1335=EDGE_LOOP('',(#382,#383,#384,#385,#386,#387,#388,#389));
#1336=EDGE_LOOP('',(#390));
#1337=EDGE_LOOP('',(#391));
#1338=EDGE_LOOP('',(#392));
#1339=EDGE_LOOP('',(#393));
#1340=EDGE_LOOP('',(#394));
#1341=EDGE_LOOP('',(#395));
#1342=EDGE_LOOP('',(#396));
#1343=EDGE_LOOP('',(#397));
#1344=EDGE_LOOP('',(#398));
#1345=EDGE_LOOP('',(#399));
#1346=EDGE_LOOP('',(#400));
#1347=EDGE_LOOP('',(#401));
#1348=EDGE_LOOP('',(#402));
#1349=EDGE_LOOP('',(#403,#404,#405,#406,#407,#408,#409,#410,#411,#412,#413,
#414,#415,#416,#417,#418,#419,#420,#421,#422,#423,#424,#425,#426,#427,#428,
#429,#430,#431,#432,#433,#434,#435,#436,#437,#438));
#1350=EDGE_LOOP('',(#439,#440,#441,#442));
#1351=EDGE_LOOP('',(#443,#444,#445,#446));
#1352=EDGE_LOOP('',(#447,#448,#449,#450));
#1353=EDGE_LOOP('',(#451,#452,#453,#454));
#1354=EDGE_LOOP('',(#455,#456,#457,#458));
#1355=EDGE_LOOP('',(#459,#460,#461,#462));
#1356=EDGE_LOOP('',(#463));
#1357=EDGE_LOOP('',(#464));
#1358=EDGE_LOOP('',(#465));
#1359=EDGE_LOOP('',(#466));
#1360=EDGE_LOOP('',(#467));
#1361=EDGE_LOOP('',(#468));
#1362=EDGE_LOOP('',(#469,#470,#471,#472));
#1363=EDGE_LOOP('',(#473,#474,#475,#476));
#1364=EDGE_LOOP('',(#477));
#1365=EDGE_LOOP('',(#478,#479,#480,#481,#482,#483,#484,#485));
#1366=EDGE_LOOP('',(#486,#487,#488,#489));
#1367=EDGE_LOOP('',(#490,#491,#492,#493));
#1368=EDGE_LOOP('',(#494,#495,#496,#497));
#1369=EDGE_LOOP('',(#498,#499,#500,#501,#502,#503,#504,#505));
#1370=EDGE_LOOP('',(#506));
#1371=EDGE_LOOP('',(#507,#508,#509,#510));
#1372=EDGE_LOOP('',(#511));
#1373=EDGE_LOOP('',(#512,#513,#514,#515,#516,#517,#518,#519));
#1374=EDGE_LOOP('',(#520,#521,#522,#523));
#1375=EDGE_LOOP('',(#524,#525,#526,#527));
#1376=EDGE_LOOP('',(#528));
#1377=EDGE_LOOP('',(#529,#530,#531,#532));
#1378=EDGE_LOOP('',(#533));
#1379=EDGE_LOOP('',(#534,#535,#536,#537));
#1380=EDGE_LOOP('',(#538,#539,#540,#541));
#1381=EDGE_LOOP('',(#542));
#1382=EDGE_LOOP('',(#543,#544,#545,#546));
#1383=EDGE_LOOP('',(#547,#548,#549,#550));
#1384=EDGE_LOOP('',(#551,#552,#553,#554));
#1385=EDGE_LOOP('',(#555,#556,#557,#558));
#1386=EDGE_LOOP('',(#559,#560,#561,#562));
#1387=EDGE_LOOP('',(#563,#564,#565,#566));
#1388=EDGE_LOOP('',(#567,#568,#569,#570));
#1389=EDGE_LOOP('',(#571,#572,#573,#574));
#1390=EDGE_LOOP('',(#575,#576,#577,#578));
#1391=EDGE_LOOP('',(#579,#580,#581,#582));
#1392=EDGE_LOOP('',(#583,#584,#585,#586));
#1393=EDGE_LOOP('',(#587,#588,#589,#590));
#1394=EDGE_LOOP('',(#591,#592,#593,#594));
#1395=EDGE_LOOP('',(#595,#596,#597,#598));
#1396=EDGE_LOOP('',(#599,#600,#601,#602));
#1397=EDGE_LOOP('',(#603,#604,#605,#606));
#1398=EDGE_LOOP('',(#607,#608,#609,#610));
#1399=EDGE_LOOP('',(#611,#612,#613,#614,#615,#616));
#1400=EDGE_LOOP('',(#617,#618,#619,#620));
#1401=EDGE_LOOP('',(#621,#622,#623,#624));
#1402=EDGE_LOOP('',(#625,#626,#627,#628));
#1403=EDGE_LOOP('',(#629,#630,#631,#632));
#1404=EDGE_LOOP('',(#633,#634,#635,#636));
#1405=EDGE_LOOP('',(#637,#638,#639,#640));
#1406=EDGE_LOOP('',(#641,#642,#643,#644));
#1407=EDGE_LOOP('',(#645,#646,#647,#648));
#1408=EDGE_LOOP('',(#649,#650,#651,#652));
#1409=EDGE_LOOP('',(#653,#654,#655,#656));
#1410=EDGE_LOOP('',(#657,#658,#659,#660));
#1411=EDGE_LOOP('',(#661,#662,#663,#664));
#1412=EDGE_LOOP('',(#665,#666,#667,#668));
#1413=EDGE_LOOP('',(#669,#670,#671,#672));
#1414=EDGE_LOOP('',(#673,#674,#675,#676));
#1415=EDGE_LOOP('',(#677,#678,#679,#680,#681,#682));
#1416=EDGE_LOOP('',(#683,#684,#685,#686));
#1417=EDGE_LOOP('',(#687,#688,#689,#690));
#1418=EDGE_LOOP('',(#691,#692,#693,#694));
#1419=EDGE_LOOP('',(#695,#696,#697,#698));
#1420=EDGE_LOOP('',(#699,#700,#701,#702));
#1421=EDGE_LOOP('',(#703,#704,#705,#706));
#1422=EDGE_LOOP('',(#707,#708,#709,#710));
#1423=EDGE_LOOP('',(#711,#712,#713,#714));
#1424=EDGE_LOOP('',(#715,#716,#717,#718));
#1425=EDGE_LOOP('',(#719,#720,#721,#722));
#1426=EDGE_LOOP('',(#723,#724,#725,#726));
#1427=EDGE_LOOP('',(#727,#728,#729,#730));
#1428=EDGE_LOOP('',(#731,#732,#733,#734));
#1429=EDGE_LOOP('',(#735,#736,#737,#738));
#1430=EDGE_LOOP('',(#739,#740,#741,#742));
#1431=EDGE_LOOP('',(#743,#744,#745,#746));
#1432=EDGE_LOOP('',(#747,#748,#749,#750,#751,#752));
#1433=EDGE_LOOP('',(#753));
#1434=EDGE_LOOP('',(#754));
#1435=EDGE_LOOP('',(#755));
#1436=EDGE_LOOP('',(#756));
#1437=EDGE_LOOP('',(#757));
#1438=EDGE_LOOP('',(#758));
#1439=EDGE_LOOP('',(#759));
#1440=EDGE_LOOP('',(#760));
#1441=EDGE_LOOP('',(#761,#762,#763,#764,#765,#766,#767,#768));
#1442=EDGE_LOOP('',(#769));
#1443=EDGE_LOOP('',(#770));
#1444=EDGE_LOOP('',(#771));
#1445=EDGE_LOOP('',(#772));
#1446=EDGE_LOOP('',(#773));
#1447=EDGE_LOOP('',(#774));
#1448=EDGE_LOOP('',(#775,#776,#777,#778));
#1449=EDGE_LOOP('',(#779,#780,#781,#782));
#1450=EDGE_LOOP('',(#783,#784,#785,#786));
#1451=EDGE_LOOP('',(#787,#788,#789,#790));
#1452=EDGE_LOOP('',(#791,#792,#793,#794));
#1453=EDGE_LOOP('',(#795,#796,#797,#798));
#1454=EDGE_LOOP('',(#799,#800,#801,#802));
#1455=EDGE_LOOP('',(#803,#804,#805,#806));
#1456=EDGE_LOOP('',(#807,#808,#809,#810));
#1457=EDGE_LOOP('',(#811));
#1458=EDGE_LOOP('',(#812));
#1459=EDGE_LOOP('',(#813));
#1460=EDGE_LOOP('',(#814));
#1461=EDGE_LOOP('',(#815));
#1462=EDGE_LOOP('',(#816));
#1463=EDGE_LOOP('',(#817));
#1464=EDGE_LOOP('',(#818));
#1465=EDGE_LOOP('',(#819));
#1466=EDGE_LOOP('',(#820));
#1467=EDGE_LOOP('',(#821));
#1468=EDGE_LOOP('',(#822));
#1469=EDGE_LOOP('',(#823));
#1470=EDGE_LOOP('',(#824));
#1471=EDGE_LOOP('',(#825));
#1472=EDGE_LOOP('',(#826));
#1473=EDGE_LOOP('',(#827));
#1474=EDGE_LOOP('',(#828));
#1475=EDGE_LOOP('',(#829));
#1476=EDGE_LOOP('',(#830));
#1477=EDGE_LOOP('',(#831));
#1478=EDGE_LOOP('',(#832));
#1479=EDGE_LOOP('',(#833));
#1480=EDGE_LOOP('',(#834));
#1481=FACE_BOUND('',#1329,.T.);
#1482=FACE_BOUND('',#1330,.T.);
#1483=FACE_BOUND('',#1331,.T.);
#1484=FACE_BOUND('',#1332,.T.);
#1485=FACE_BOUND('',#1333,.T.);
#1486=FACE_BOUND('',#1334,.T.);
#1487=FACE_BOUND('',#1335,.T.);
#1488=FACE_BOUND('',#1336,.T.);
#1489=FACE_BOUND('',#1337,.T.);
#1490=FACE_BOUND('',#1338,.T.);
#1491=FACE_BOUND('',#1339,.T.);
#1492=FACE_BOUND('',#1340,.T.);
#1493=FACE_BOUND('',#1341,.T.);
#1494=FACE_BOUND('',#1342,.T.);
#1495=FACE_BOUND('',#1343,.T.);
#1496=FACE_BOUND('',#1344,.T.);
#1497=FACE_BOUND('',#1345,.T.);
#1498=FACE_BOUND('',#1346,.T.);
#1499=FACE_BOUND('',#1347,.T.);
#1500=FACE_BOUND('',#1348,.T.);
#1501=FACE_BOUND('',#1349,.T.);
#1502=FACE_BOUND('',#1350,.T.);
#1503=FACE_BOUND('',#1351,.T.);
#1504=FACE_BOUND('',#1352,.T.);
#1505=FACE_BOUND('',#1353,.T.);
#1506=FACE_BOUND('',#1354,.T.);
#1507=FACE_BOUND('',#1355,.T.);
#1508=FACE_BOUND('',#1356,.T.);
#1509=FACE_BOUND('',#1357,.T.);
#1510=FACE_BOUND('',#1358,.T.);
#1511=FACE_BOUND('',#1359,.T.);
#1512=FACE_BOUND('',#1360,.T.);
#1513=FACE_BOUND('',#1361,.T.);
#1514=FACE_BOUND('',#1362,.T.);
#1515=FACE_BOUND('',#1363,.T.);
#1516=FACE_BOUND('',#1364,.T.);
#1517=FACE_BOUND('',#1365,.T.);
#1518=FACE_BOUND('',#1366,.T.);
#1519=FACE_BOUND('',#1367,.T.);
#1520=FACE_BOUND('',#1368,.T.);
#1521=FACE_BOUND('',#1369,.T.);
#1522=FACE_BOUND('',#1370,.T.);
#1523=FACE_BOUND('',#1371,.T.);
#1524=FACE_BOUND('',#1372,.T.);
#1525=FACE_BOUND('',#1373,.T.);
#1526=FACE_BOUND('',#1374,.T.);
#1527=FACE_BOUND('',#1375,.T.);
#1528=FACE_BOUND('',#1376,.T.);
#1529=FACE_BOUND('',#1377,.T.);
#1530=FACE_BOUND('',#1378,.T.);
#1531=FACE_BOUND('',#1379,.T.);
#1532=FACE_BOUND('',#1380,.T.);
#1533=FACE_BOUND('',#1381,.T.);
#1534=FACE_BOUND('',#1382,.T.);
#1535=FACE_BOUND('',#1383,.T.);
#1536=FACE_BOUND('',#1384,.T.);
#1537=FACE_BOUND('',#1385,.T.);
#1538=FACE_BOUND('',#1386,.T.);
#1539=FACE_BOUND('',#1387,.T.);
#1540=FACE_BOUND('',#1388,.T.);
#1541=FACE_BOUND('',#1389,.T.);
#1542=FACE_BOUND('',#1390,.T.);
#1543=FACE_BOUND('',#1391,.T.);
#1544=FACE_BOUND('',#1392,.T.);
#1545=FACE_BOUND('',#1393,.T.);
#1546=FACE_BOUND('',#1394,.T.);
#1547=FACE_BOUND('',#1395,.T.);
#1548=FACE_BOUND('',#1396,.T.);
#1549=FACE_BOUND('',#1397,.T.);
#1550=FACE_BOUND('',#1398,.T.);
#1551=FACE_BOUND('',#1399,.T.);
#1552=FACE_BOUND('',#1400,.T.);
#1553=FACE_BOUND('',#1401,.T.);
#1554=FACE_BOUND('',#1402,.T.);
#1555=FACE_BOUND('',#1403,.T.);
#1556=FACE_BOUND('',#1404,.T.);
#1557=FACE_BOUND('',#1405,.T.);
#1558=FACE_BOUND('',#1406,.T.);
#1559=FACE_BOUND('',#1407,.T.);
#1560=FACE_BOUND('',#1408,.T.);
#1561=FACE_BOUND('',#1409,.T.);
#1562=FACE_BOUND('',#1410,.T.);
#1563=FACE_BOUND('',#1411,.T.);
#1564=FACE_BOUND('',#1412,.T.);
#1565=FACE_BOUND('',#1413,.T.);
#1566=FACE_BOUND('',#1414,.T.);
#1567=FACE_BOUND('',#1415,.T.);
#1568=FACE_BOUND('',#1416,.T.);
#1569=FACE_BOUND('',#1417,.T.);
#1570=FACE_BOUND('',#1418,.T.);
#1571=FACE_BOUND('',#1419,.T.);
#1572=FACE_BOUND('',#1420,.T.);
#1573=FACE_BOUND('',#1421,.T.);
#1574=FACE_BOUND('',#1422,.T.);
#1575=FACE_BOUND('',#1423,.T.);
#1576=FACE_BOUND('',#1424,.T.);
#1577=FACE_BOUND('',#1425,.T.);
#1578=FACE_BOUND('',#1426,.T.);
#1579=FACE_BOUND('',#1427,.T.);
#1580=FACE_BOUND('',#1428,.T.);
#1581=FACE_BOUND('',#1429,.T.);
#1582=FACE_BOUND('',#1430,.T.);
#1583=FACE_BOUND('',#1431,.T.);
#1584=FACE_BOUND('',#1432,.T.);
#1585=FACE_BOUND('',#1433,.T.);
#1586=FACE_BOUND('',#1434,.T.);
#1587=FACE_BOUND('',#1435,.T.);
#1588=FACE_BOUND('',#1436,.T.);
#1589=FACE_BOUND('',#1437,.T.);
#1590=FACE_BOUND('',#1438,.T.);
#1591=FACE_BOUND('',#1439,.T.);
#1592=FACE_BOUND('',#1440,.T.);
#1593=FACE_BOUND('',#1441,.T.);
#1594=FACE_BOUND('',#1442,.T.);
#1595=FACE_BOUND('',#1443,.T.);
#1596=FACE_BOUND('',#1444,.T.);
#1597=FACE_BOUND('',#1445,.T.);
#1598=FACE_BOUND('',#1446,.T.);
#1599=FACE_BOUND('',#1447,.T.);
#1600=FACE_BOUND('',#1448,.T.);
#1601=FACE_BOUND('',#1449,.T.);
#1602=FACE_BOUND('',#1450,.T.);
#1603=FACE_BOUND('',#1451,.T.);
#1604=FACE_BOUND('',#1452,.T.);
#1605=FACE_BOUND('',#1453,.T.);
#1606=FACE_BOUND('',#1454,.T.);
#1607=FACE_BOUND('',#1455,.T.);
#1608=FACE_BOUND('',#1456,.T.);
#1609=FACE_BOUND('',#1457,.T.);
#1610=FACE_BOUND('',#1458,.T.);
#1611=FACE_BOUND('',#1459,.T.);
#1612=FACE_BOUND('',#1460,.T.);
#1613=FACE_BOUND('',#1461,.T.);
#1614=FACE_BOUND('',#1462,.T.);
#1615=FACE_BOUND('',#1463,.T.);
#1616=FACE_BOUND('',#1464,.T.);
#1617=FACE_BOUND('',#1465,.T.);
#1618=FACE_BOUND('',#1466,.T.);
#1619=FACE_BOUND('',#1467,.T.);
#1620=FACE_BOUND('',#1468,.T.);
#1621=FACE_BOUND('',#1469,.T.);
#1622=FACE_BOUND('',#1470,.T.);
#1623=FACE_BOUND('',#1471,.T.);
#1624=FACE_BOUND('',#1472,.T.);
#1625=FACE_BOUND('',#1473,.T.);
#1626=FACE_BOUND('',#1474,.T.);
#1627=FACE_BOUND('',#1475,.T.);
#1628=FACE_BOUND('',#1476,.T.);
#1629=FACE_BOUND('',#1477,.T.);
#1630=FACE_BOUND('',#1478,.T.);
#1631=FACE_BOUND('',#1479,.T.);
#1632=FACE_BOUND('',#1480,.T.);
#1633=PLANE('',#1783);
#1634=PLANE('',#1804);
#1635=PLANE('',#1839);
#1636=PLANE('',#1841);
#1637=PLANE('',#1844);
#1638=PLANE('',#1846);
#1639=PLANE('',#1849);
#1640=PLANE('',#1853);
#1641=PLANE('',#1857);
#1642=PLANE('',#1861);
#1643=PLANE('',#1865);
#1644=PLANE('',#1866);
#1645=PLANE('',#1869);
#1646=PLANE('',#1872);
#1647=PLANE('',#1873);
#1648=PLANE('',#1878);
#1649=PLANE('',#1881);
#1650=PLANE('',#1882);
#1651=PLANE('',#1885);
#1652=PLANE('',#1886);
#1653=PLANE('',#1889);
#1654=PLANE('',#1890);
#1655=PLANE('',#1893);
#1656=PLANE('',#1894);
#1657=PLANE('',#1895);
#1658=PLANE('',#1898);
#1659=PLANE('',#1905);
#1660=PLANE('',#1908);
#1661=PLANE('',#1911);
#1662=PLANE('',#1914);
#1663=PLANE('',#1919);
#1664=PLANE('',#1922);
#1665=PLANE('',#1923);
#1666=PLANE('',#1924);
#1667=PLANE('',#1925);
#1668=PLANE('',#1929);
#1669=PLANE('',#1934);
#1670=PLANE('',#1937);
#1671=PLANE('',#1938);
#1672=PLANE('',#1939);
#1673=PLANE('',#1940);
#1674=PLANE('',#1941);
#1675=PLANE('',#1942);
#1676=PLANE('',#1943);
#1677=PLANE('',#1944);
#1678=PLANE('',#1945);
#1679=PLANE('',#1946);
#1680=ADVANCED_FACE('',(#1481,#1482,#1483,#1484,#1485,#1486,#1487,#1488,
#1489,#1490,#1491,#1492,#1493,#1494),#1633,.T.);
#1681=ADVANCED_FACE('',(#1495,#1496,#1497,#1498,#1499,#1500,#1501,#1502,
#1503,#1504,#1505,#1506,#1507,#1508,#1509,#1510,#1511,#1512,#1513),#1634,
 .F.);
#1682=ADVANCED_FACE('',(#1514),#1635,.T.);
#1683=ADVANCED_FACE('',(#1515),#12,.T.);
#1684=ADVANCED_FACE('',(#1516,#1517),#1636,.F.);
#1685=ADVANCED_FACE('',(#1518),#13,.T.);
#1686=ADVANCED_FACE('',(#1519),#1637,.T.);
#1687=ADVANCED_FACE('',(#1520),#14,.T.);
#1688=ADVANCED_FACE('',(#1521,#1522),#1638,.T.);
#1689=ADVANCED_FACE('',(#1523),#15,.T.);
#1690=ADVANCED_FACE('',(#1524,#1525),#1639,.T.);
#1691=ADVANCED_FACE('',(#1526),#16,.F.);
#1692=ADVANCED_FACE('',(#1527,#1528),#1640,.T.);
#1693=ADVANCED_FACE('',(#1529),#17,.F.);
#1694=ADVANCED_FACE('',(#1530,#1531),#1641,.F.);
#1695=ADVANCED_FACE('',(#1532),#18,.F.);
#1696=ADVANCED_FACE('',(#1533,#1534),#1642,.F.);
#1697=ADVANCED_FACE('',(#1535),#19,.F.);
#1698=ADVANCED_FACE('',(#1536),#1643,.F.);
#1699=ADVANCED_FACE('',(#1537),#1644,.F.);
#1700=ADVANCED_FACE('',(#1538),#20,.F.);
#1701=ADVANCED_FACE('',(#1539),#1645,.T.);
#1702=ADVANCED_FACE('',(#1540),#21,.T.);
#1703=ADVANCED_FACE('',(#1541),#1646,.F.);
#1704=ADVANCED_FACE('',(#1542),#1647,.T.);
#1705=ADVANCED_FACE('',(#1543),#22,.T.);
#1706=ADVANCED_FACE('',(#1544),#23,.F.);
#1707=ADVANCED_FACE('',(#1545),#1648,.T.);
#1708=ADVANCED_FACE('',(#1546),#24,.F.);
#1709=ADVANCED_FACE('',(#1547),#1649,.T.);
#1710=ADVANCED_FACE('',(#1548),#1650,.F.);
#1711=ADVANCED_FACE('',(#1549),#25,.F.);
#1712=ADVANCED_FACE('',(#1550,#1551,#1552),#1651,.T.);
#1713=ADVANCED_FACE('',(#1553),#1652,.T.);
#1714=ADVANCED_FACE('',(#1554),#26,.F.);
#1715=ADVANCED_FACE('',(#1555),#1653,.F.);
#1716=ADVANCED_FACE('',(#1556),#1654,.T.);
#1717=ADVANCED_FACE('',(#1557),#27,.T.);
#1718=ADVANCED_FACE('',(#1558),#1655,.F.);
#1719=ADVANCED_FACE('',(#1559),#1656,.T.);
#1720=ADVANCED_FACE('',(#1560),#1657,.T.);
#1721=ADVANCED_FACE('',(#1561),#28,.F.);
#1722=ADVANCED_FACE('',(#1562),#1658,.F.);
#1723=ADVANCED_FACE('',(#1563),#29,.T.);
#1724=ADVANCED_FACE('',(#1564),#30,.F.);
#1725=ADVANCED_FACE('',(#1565),#31,.F.);
#1726=ADVANCED_FACE('',(#1566,#1567,#1568),#1659,.T.);
#1727=ADVANCED_FACE('',(#1569),#32,.T.);
#1728=ADVANCED_FACE('',(#1570),#1660,.F.);
#1729=ADVANCED_FACE('',(#1571),#33,.T.);
#1730=ADVANCED_FACE('',(#1572),#1661,.F.);
#1731=ADVANCED_FACE('',(#1573),#34,.F.);
#1732=ADVANCED_FACE('',(#1574),#1662,.T.);
#1733=ADVANCED_FACE('',(#1575),#35,.F.);
#1734=ADVANCED_FACE('',(#1576),#36,.F.);
#1735=ADVANCED_FACE('',(#1577),#1663,.T.);
#1736=ADVANCED_FACE('',(#1578),#37,.F.);
#1737=ADVANCED_FACE('',(#1579),#1664,.F.);
#1738=ADVANCED_FACE('',(#1580),#1665,.F.);
#1739=ADVANCED_FACE('',(#1581),#1666,.T.);
#1740=ADVANCED_FACE('',(#1582,#1583,#1584),#1667,.T.);
#1741=ADVANCED_FACE('',(#1585,#1586),#38,.F.);
#1742=ADVANCED_FACE('',(#1587,#1588),#39,.F.);
#1743=ADVANCED_FACE('',(#1589,#1590),#40,.F.);
#1744=ADVANCED_FACE('',(#1591,#1592,#1593),#1668,.F.);
#1745=ADVANCED_FACE('',(#1594,#1595),#41,.T.);
#1746=ADVANCED_FACE('',(#1596),#1669,.F.);
#1747=ADVANCED_FACE('',(#1597,#1598),#42,.T.);
#1748=ADVANCED_FACE('',(#1599),#1670,.F.);
#1749=ADVANCED_FACE('',(#1600),#1671,.T.);
#1750=ADVANCED_FACE('',(#1601),#1672,.T.);
#1751=ADVANCED_FACE('',(#1602),#1673,.T.);
#1752=ADVANCED_FACE('',(#1603),#1674,.F.);
#1753=ADVANCED_FACE('',(#1604),#1675,.F.);
#1754=ADVANCED_FACE('',(#1605),#1676,.F.);
#1755=ADVANCED_FACE('',(#1606),#1677,.F.);
#1756=ADVANCED_FACE('',(#1607),#1678,.F.);
#1757=ADVANCED_FACE('',(#1608),#1679,.T.);
#1758=ADVANCED_FACE('',(#1609,#1610),#43,.F.);
#1759=ADVANCED_FACE('',(#1611,#1612),#44,.F.);
#1760=ADVANCED_FACE('',(#1613,#1614),#45,.F.);
#1761=ADVANCED_FACE('',(#1615,#1616),#46,.F.);
#1762=ADVANCED_FACE('',(#1617,#1618),#47,.F.);
#1763=ADVANCED_FACE('',(#1619,#1620),#48,.F.);
#1764=ADVANCED_FACE('',(#1621,#1622),#49,.F.);
#1765=ADVANCED_FACE('',(#1623,#1624),#50,.F.);
#1766=ADVANCED_FACE('',(#1625,#1626),#51,.F.);
#1767=ADVANCED_FACE('',(#1627,#1628),#52,.F.);
#1768=ADVANCED_FACE('',(#1629,#1630),#53,.F.);
#1769=ADVANCED_FACE('',(#1631,#1632),#54,.F.);
#1770=CLOSED_SHELL('',(#1680,#1681,#1682,#1683,#1684,#1685,#1686,#1687,
#1688,#1689,#1690,#1691,#1692,#1693,#1694,#1695,#1696,#1697,#1698,#1699,
#1700,#1701,#1702,#1703,#1704,#1705,#1706,#1707,#1708,#1709,#1710,#1711,
#1712,#1713,#1714,#1715,#1716,#1717,#1718,#1719,#1720,#1721,#1722,#1723,
#1724,#1725,#1726,#1727,#1728,#1729,#1730,#1731,#1732,#1733,#1734,#1735,
#1736,#1737,#1738,#1739,#1740,#1741,#1742,#1743,#1744,#1745,#1746,#1747,
#1748,#1749,#1750,#1751,#1752,#1753,#1754,#1755,#1756,#1757,#1758,#1759,
#1760,#1761,#1762,#1763,#1764,#1765,#1766,#1767,#1768,#1769));
#1771=STYLED_ITEM('',(#1772),#1779);
#1772=PRESENTATION_STYLE_ASSIGNMENT((#1773));
#1773=SURFACE_STYLE_USAGE(.BOTH.,#1774);
#1774=SURFACE_SIDE_STYLE('',(#1775));
#1775=SURFACE_STYLE_FILL_AREA(#1776);
#1776=FILL_AREA_STYLE('',(#1777));
#1777=FILL_AREA_STYLE_COLOUR('',#1778);
#1778=COLOUR_RGB('',0.231372549019608,0.380392156862745,0.705882352941177);
#1779=MANIFOLD_SOLID_BREP('RTA-XXXX',#1770);
#1780=SHAPE_DEFINITION_REPRESENTATION(#2970,#1781);
#1781=SHAPE_REPRESENTATION('RTA-XXXX',(#1782),#2965);
#1782=AXIS2_PLACEMENT_3D('',#2465,#1959,#1960);
#1783=AXIS2_PLACEMENT_3D('',#2466,#1961,#1962);
#1784=AXIS2_PLACEMENT_3D('',#2467,#1963,#1964);
#1785=AXIS2_PLACEMENT_3D('',#2469,#1965,#1966);
#1786=AXIS2_PLACEMENT_3D('',#2471,#1967,#1968);
#1787=AXIS2_PLACEMENT_3D('',#2473,#1969,#1970);
#1788=AXIS2_PLACEMENT_3D('',#2475,#1971,#1972);
#1789=AXIS2_PLACEMENT_3D('',#2482,#1975,#1976);
#1790=AXIS2_PLACEMENT_3D('',#2494,#1982,#1983);
#1791=AXIS2_PLACEMENT_3D('',#2504,#1988,#1989);
#1792=AXIS2_PLACEMENT_3D('',#2508,#1991,#1992);
#1793=AXIS2_PLACEMENT_3D('',#2513,#1995,#1996);
#1794=AXIS2_PLACEMENT_3D('',#2518,#1998,#1999);
#1795=AXIS2_PLACEMENT_3D('',#2522,#2001,#2002);
#1796=AXIS2_PLACEMENT_3D('',#2526,#2004,#2005);
#1797=AXIS2_PLACEMENT_3D('',#2529,#2007,#2008);
#1798=AXIS2_PLACEMENT_3D('',#2531,#2009,#2010);
#1799=AXIS2_PLACEMENT_3D('',#2533,#2011,#2012);
#1800=AXIS2_PLACEMENT_3D('',#2535,#2013,#2014);
#1801=AXIS2_PLACEMENT_3D('',#2537,#2015,#2016);
#1802=AXIS2_PLACEMENT_3D('',#2539,#2017,#2018);
#1803=AXIS2_PLACEMENT_3D('',#2541,#2019,#2020);
#1804=AXIS2_PLACEMENT_3D('',#2543,#2021,#2022);
#1805=AXIS2_PLACEMENT_3D('',#2544,#2023,#2024);
#1806=AXIS2_PLACEMENT_3D('',#2546,#2025,#2026);
#1807=AXIS2_PLACEMENT_3D('',#2548,#2027,#2028);
#1808=AXIS2_PLACEMENT_3D('',#2550,#2029,#2030);
#1809=AXIS2_PLACEMENT_3D('',#2552,#2031,#2032);
#1810=AXIS2_PLACEMENT_3D('',#2554,#2033,#2034);
#1811=AXIS2_PLACEMENT_3D('',#2565,#2039,#2040);
#1812=AXIS2_PLACEMENT_3D('',#2571,#2043,#2044);
#1813=AXIS2_PLACEMENT_3D('',#2575,#2046,#2047);
#1814=AXIS2_PLACEMENT_3D('',#2581,#2050,#2051);
#1815=AXIS2_PLACEMENT_3D('',#2593,#2057,#2058);
#1816=AXIS2_PLACEMENT_3D('',#2597,#2060,#2061);
#1817=AXIS2_PLACEMENT_3D('',#2603,#2064,#2065);
#1818=AXIS2_PLACEMENT_3D('',#2615,#2071,#2072);
#1819=AXIS2_PLACEMENT_3D('',#2621,#2075,#2076);
#1820=AXIS2_PLACEMENT_3D('',#2625,#2078,#2079);
#1821=AXIS2_PLACEMENT_3D('',#2628,#2081,#2082);
#1822=AXIS2_PLACEMENT_3D('',#2633,#2084,#2085);
#1823=AXIS2_PLACEMENT_3D('',#2639,#2088,#2089);
#1824=AXIS2_PLACEMENT_3D('',#2643,#2091,#2092);
#1825=AXIS2_PLACEMENT_3D('',#2647,#2094,#2095);
#1826=AXIS2_PLACEMENT_3D('',#2651,#2097,#2098);
#1827=AXIS2_PLACEMENT_3D('',#2655,#2100,#2101);
#1828=AXIS2_PLACEMENT_3D('',#2659,#2103,#2104);
#1829=AXIS2_PLACEMENT_3D('',#2660,#2105,#2106);
#1830=AXIS2_PLACEMENT_3D('',#2665,#2108,#2109);
#1831=AXIS2_PLACEMENT_3D('',#2668,#2111,#2112);
#1832=AXIS2_PLACEMENT_3D('',#2673,#2114,#2115);
#1833=AXIS2_PLACEMENT_3D('',#2676,#2117,#2118);
#1834=AXIS2_PLACEMENT_3D('',#2678,#2119,#2120);
#1835=AXIS2_PLACEMENT_3D('',#2680,#2121,#2122);
#1836=AXIS2_PLACEMENT_3D('',#2682,#2123,#2124);
#1837=AXIS2_PLACEMENT_3D('',#2684,#2125,#2126);
#1838=AXIS2_PLACEMENT_3D('',#2686,#2127,#2128);
#1839=AXIS2_PLACEMENT_3D('',#2688,#2129,#2130);
#1840=AXIS2_PLACEMENT_3D('',#2691,#2133,#2134);
#1841=AXIS2_PLACEMENT_3D('',#2694,#2137,#2138);
#1842=AXIS2_PLACEMENT_3D('',#2695,#2139,#2140);
#1843=AXIS2_PLACEMENT_3D('',#2704,#2146,#2147);
#1844=AXIS2_PLACEMENT_3D('',#2706,#2149,#2150);
#1845=AXIS2_PLACEMENT_3D('',#2708,#2152,#2153);
#1846=AXIS2_PLACEMENT_3D('',#2710,#2155,#2156);
#1847=AXIS2_PLACEMENT_3D('',#2717,#2161,#2162);
#1848=AXIS2_PLACEMENT_3D('',#2719,#2163,#2164);
#1849=AXIS2_PLACEMENT_3D('',#2722,#2167,#2168);
#1850=AXIS2_PLACEMENT_3D('',#2723,#2169,#2170);
#1851=AXIS2_PLACEMENT_3D('',#2730,#2174,#2175);
#1852=AXIS2_PLACEMENT_3D('',#2731,#2176,#2177);
#1853=AXIS2_PLACEMENT_3D('',#2736,#2180,#2181);
#1854=AXIS2_PLACEMENT_3D('',#2740,#2184,#2185);
#1855=AXIS2_PLACEMENT_3D('',#2742,#2186,#2187);
#1856=AXIS2_PLACEMENT_3D('',#2743,#2188,#2189);
#1857=AXIS2_PLACEMENT_3D('',#2746,#2191,#2192);
#1858=AXIS2_PLACEMENT_3D('',#2747,#2193,#2194);
#1859=AXIS2_PLACEMENT_3D('',#2752,#2197,#2198);
#1860=AXIS2_PLACEMENT_3D('',#2753,#2199,#2200);
#1861=AXIS2_PLACEMENT_3D('',#2756,#2202,#2203);
#1862=AXIS2_PLACEMENT_3D('',#2757,#2204,#2205);
#1863=AXIS2_PLACEMENT_3D('',#2762,#2208,#2209);
#1864=AXIS2_PLACEMENT_3D('',#2763,#2210,#2211);
#1865=AXIS2_PLACEMENT_3D('',#2766,#2213,#2214);
#1866=AXIS2_PLACEMENT_3D('',#2768,#2216,#2217);
#1867=AXIS2_PLACEMENT_3D('',#2774,#2221,#2222);
#1868=AXIS2_PLACEMENT_3D('',#2777,#2224,#2225);
#1869=AXIS2_PLACEMENT_3D('',#2778,#2226,#2227);
#1870=AXIS2_PLACEMENT_3D('',#2782,#2230,#2231);
#1871=AXIS2_PLACEMENT_3D('',#2785,#2233,#2234);
#1872=AXIS2_PLACEMENT_3D('',#2788,#2236,#2237);
#1873=AXIS2_PLACEMENT_3D('',#2790,#2239,#2240);
#1874=AXIS2_PLACEMENT_3D('',#2794,#2243,#2244);
#1875=AXIS2_PLACEMENT_3D('',#2797,#2246,#2247);
#1876=AXIS2_PLACEMENT_3D('',#2798,#2248,#2249);
#1877=AXIS2_PLACEMENT_3D('',#2801,#2251,#2252);
#1878=AXIS2_PLACEMENT_3D('',#2804,#2254,#2255);
#1879=AXIS2_PLACEMENT_3D('',#2808,#2258,#2259);
#1880=AXIS2_PLACEMENT_3D('',#2811,#2261,#2262);
#1881=AXIS2_PLACEMENT_3D('',#2812,#2263,#2264);
#1882=AXIS2_PLACEMENT_3D('',#2814,#2266,#2267);
#1883=AXIS2_PLACEMENT_3D('',#2816,#2269,#2270);
#1884=AXIS2_PLACEMENT_3D('',#2817,#2271,#2272);
#1885=AXIS2_PLACEMENT_3D('',#2818,#2273,#2274);
#1886=AXIS2_PLACEMENT_3D('',#2819,#2275,#2276);
#1887=AXIS2_PLACEMENT_3D('',#2825,#2280,#2281);
#1888=AXIS2_PLACEMENT_3D('',#2828,#2283,#2284);
#1889=AXIS2_PLACEMENT_3D('',#2829,#2285,#2286);
#1890=AXIS2_PLACEMENT_3D('',#2833,#2289,#2290);
#1891=AXIS2_PLACEMENT_3D('',#2839,#2294,#2295);
#1892=AXIS2_PLACEMENT_3D('',#2842,#2297,#2298);
#1893=AXIS2_PLACEMENT_3D('',#2843,#2299,#2300);
#1894=AXIS2_PLACEMENT_3D('',#2845,#2302,#2303);
#1895=AXIS2_PLACEMENT_3D('',#2849,#2306,#2307);
#1896=AXIS2_PLACEMENT_3D('',#2855,#2311,#2312);
#1897=AXIS2_PLACEMENT_3D('',#2858,#2314,#2315);
#1898=AXIS2_PLACEMENT_3D('',#2859,#2316,#2317);
#1899=AXIS2_PLACEMENT_3D('',#2863,#2320,#2321);
#1900=AXIS2_PLACEMENT_3D('',#2864,#2322,#2323);
#1901=AXIS2_PLACEMENT_3D('',#2865,#2324,#2325);
#1902=AXIS2_PLACEMENT_3D('',#2866,#2326,#2327);
#1903=AXIS2_PLACEMENT_3D('',#2867,#2328,#2329);
#1904=AXIS2_PLACEMENT_3D('',#2868,#2330,#2331);
#1905=AXIS2_PLACEMENT_3D('',#2869,#2332,#2333);
#1906=AXIS2_PLACEMENT_3D('',#2870,#2334,#2335);
#1907=AXIS2_PLACEMENT_3D('',#2873,#2337,#2338);
#1908=AXIS2_PLACEMENT_3D('',#2876,#2340,#2341);
#1909=AXIS2_PLACEMENT_3D('',#2880,#2344,#2345);
#1910=AXIS2_PLACEMENT_3D('',#2883,#2347,#2348);
#1911=AXIS2_PLACEMENT_3D('',#2884,#2349,#2350);
#1912=AXIS2_PLACEMENT_3D('',#2886,#2352,#2353);
#1913=AXIS2_PLACEMENT_3D('',#2889,#2355,#2356);
#1914=AXIS2_PLACEMENT_3D('',#2892,#2358,#2359);
#1915=AXIS2_PLACEMENT_3D('',#2896,#2362,#2363);
#1916=AXIS2_PLACEMENT_3D('',#2899,#2365,#2366);
#1917=AXIS2_PLACEMENT_3D('',#2900,#2367,#2368);
#1918=AXIS2_PLACEMENT_3D('',#2903,#2370,#2371);
#1919=AXIS2_PLACEMENT_3D('',#2906,#2373,#2374);
#1920=AXIS2_PLACEMENT_3D('',#2910,#2377,#2378);
#1921=AXIS2_PLACEMENT_3D('',#2913,#2380,#2381);
#1922=AXIS2_PLACEMENT_3D('',#2914,#2382,#2383);
#1923=AXIS2_PLACEMENT_3D('',#2916,#2385,#2386);
#1924=AXIS2_PLACEMENT_3D('',#2918,#2388,#2389);
#1925=AXIS2_PLACEMENT_3D('',#2920,#2391,#2392);
#1926=AXIS2_PLACEMENT_3D('',#2921,#2393,#2394);
#1927=AXIS2_PLACEMENT_3D('',#2922,#2395,#2396);
#1928=AXIS2_PLACEMENT_3D('',#2923,#2397,#2398);
#1929=AXIS2_PLACEMENT_3D('',#2924,#2399,#2400);
#1930=AXIS2_PLACEMENT_3D('',#2925,#2401,#2402);
#1931=AXIS2_PLACEMENT_3D('',#2927,#2403,#2404);
#1932=AXIS2_PLACEMENT_3D('',#2929,#2405,#2406);
#1933=AXIS2_PLACEMENT_3D('',#2930,#2407,#2408);
#1934=AXIS2_PLACEMENT_3D('',#2932,#2409,#2410);
#1935=AXIS2_PLACEMENT_3D('',#2933,#2411,#2412);
#1936=AXIS2_PLACEMENT_3D('',#2934,#2413,#2414);
#1937=AXIS2_PLACEMENT_3D('',#2936,#2415,#2416);
#1938=AXIS2_PLACEMENT_3D('',#2937,#2417,#2418);
#1939=AXIS2_PLACEMENT_3D('',#2939,#2420,#2421);
#1940=AXIS2_PLACEMENT_3D('',#2941,#2423,#2424);
#1941=AXIS2_PLACEMENT_3D('',#2942,#2425,#2426);
#1942=AXIS2_PLACEMENT_3D('',#2944,#2428,#2429);
#1943=AXIS2_PLACEMENT_3D('',#2946,#2431,#2432);
#1944=AXIS2_PLACEMENT_3D('',#2947,#2433,#2434);
#1945=AXIS2_PLACEMENT_3D('',#2949,#2436,#2437);
#1946=AXIS2_PLACEMENT_3D('',#2951,#2439,#2440);
#1947=AXIS2_PLACEMENT_3D('',#2952,#2441,#2442);
#1948=AXIS2_PLACEMENT_3D('',#2953,#2443,#2444);
#1949=AXIS2_PLACEMENT_3D('',#2954,#2445,#2446);
#1950=AXIS2_PLACEMENT_3D('',#2955,#2447,#2448);
#1951=AXIS2_PLACEMENT_3D('',#2956,#2449,#2450);
#1952=AXIS2_PLACEMENT_3D('',#2957,#2451,#2452);
#1953=AXIS2_PLACEMENT_3D('',#2958,#2453,#2454);
#1954=AXIS2_PLACEMENT_3D('',#2959,#2455,#2456);
#1955=AXIS2_PLACEMENT_3D('',#2960,#2457,#2458);
#1956=AXIS2_PLACEMENT_3D('',#2961,#2459,#2460);
#1957=AXIS2_PLACEMENT_3D('',#2962,#2461,#2462);
#1958=AXIS2_PLACEMENT_3D('',#2963,#2463,#2464);
#1959=DIRECTION('',(0.,0.,1.));
#1960=DIRECTION('',(1.,0.,0.));
#1961=DIRECTION('',(0.,0.,1.));
#1962=DIRECTION('',(1.,0.,0.));
#1963=DIRECTION('',(0.,0.,1.));
#1964=DIRECTION('',(1.,0.,0.));
#1965=DIRECTION('',(0.,0.,-1.));
#1966=DIRECTION('',(1.,0.,0.));
#1967=DIRECTION('',(0.,0.,-1.));
#1968=DIRECTION('',(1.,0.,0.));
#1969=DIRECTION('',(0.,0.,-1.));
#1970=DIRECTION('',(1.,0.,0.));
#1971=DIRECTION('',(0.,0.,1.));
#1972=DIRECTION('',(1.,0.,0.));
#1973=DIRECTION('',(-1.,2.87562946701501E-16,0.));
#1974=DIRECTION('',(0.,-1.,0.));
#1975=DIRECTION('',(0.,0.,1.));
#1976=DIRECTION('',(1.,0.,0.));
#1977=DIRECTION('',(-1.,-1.88428890805355E-16,0.));
#1978=DIRECTION('',(0.,-1.,0.));
#1979=DIRECTION('',(1.,0.,0.));
#1980=DIRECTION('',(0.,-1.,0.));
#1981=DIRECTION('',(-1.,-1.88428890805355E-16,0.));
#1982=DIRECTION('',(0.,0.,1.));
#1983=DIRECTION('',(1.,0.,0.));
#1984=DIRECTION('',(0.,-1.,0.));
#1985=DIRECTION('',(1.,2.87562946701501E-16,0.));
#1986=DIRECTION('',(0.,1.,0.));
#1987=DIRECTION('',(-1.,-5.42852623483695E-16,0.));
#1988=DIRECTION('',(0.,0.,1.));
#1989=DIRECTION('',(1.,0.,0.));
#1990=DIRECTION('',(1.,1.88428890805356E-16,0.));
#1991=DIRECTION('',(0.,0.,1.));
#1992=DIRECTION('',(1.,0.,0.));
#1993=DIRECTION('',(1.,-5.42852623483695E-16,0.));
#1994=DIRECTION('',(0.,1.,0.));
#1995=DIRECTION('',(0.,0.,1.));
#1996=DIRECTION('',(1.,0.,0.));
#1997=DIRECTION('',(0.,-1.,0.));
#1998=DIRECTION('',(0.,0.,1.));
#1999=DIRECTION('',(1.,0.,0.));
#2000=DIRECTION('',(1.,1.88428890805356E-16,0.));
#2001=DIRECTION('',(0.,0.,1.));
#2002=DIRECTION('',(1.,0.,0.));
#2003=DIRECTION('',(0.,-1.,0.));
#2004=DIRECTION('',(0.,0.,1.));
#2005=DIRECTION('',(1.,0.,0.));
#2006=DIRECTION('',(-1.,-1.88428890805356E-16,0.));
#2007=DIRECTION('',(0.,0.,1.));
#2008=DIRECTION('',(1.,0.,0.));
#2009=DIRECTION('',(0.,0.,-1.));
#2010=DIRECTION('',(1.,0.,0.));
#2011=DIRECTION('',(0.,0.,1.));
#2012=DIRECTION('',(1.,0.,0.));
#2013=DIRECTION('',(0.,0.,-1.));
#2014=DIRECTION('',(1.,0.,0.));
#2015=DIRECTION('',(0.,0.,1.));
#2016=DIRECTION('',(1.,0.,0.));
#2017=DIRECTION('',(0.,0.,1.));
#2018=DIRECTION('',(1.,0.,0.));
#2019=DIRECTION('',(0.,0.,-1.));
#2020=DIRECTION('',(1.,0.,0.));
#2021=DIRECTION('',(0.,0.,1.));
#2022=DIRECTION('',(1.,0.,0.));
#2023=DIRECTION('',(0.,0.,1.));
#2024=DIRECTION('',(1.,0.,0.));
#2025=DIRECTION('',(0.,0.,1.));
#2026=DIRECTION('',(1.,0.,0.));
#2027=DIRECTION('',(0.,0.,1.));
#2028=DIRECTION('',(1.,0.,0.));
#2029=DIRECTION('',(0.,0.,1.));
#2030=DIRECTION('',(1.,0.,0.));
#2031=DIRECTION('',(0.,0.,1.));
#2032=DIRECTION('',(1.,0.,0.));
#2033=DIRECTION('',(0.,0.,1.));
#2034=DIRECTION('',(1.,0.,0.));
#2035=DIRECTION('',(0.,-1.,0.));
#2036=DIRECTION('',(-1.,2.87562946701501E-16,0.));
#2037=DIRECTION('',(0.,1.,0.));
#2038=DIRECTION('',(1.,-5.42852623483695E-16,0.));
#2039=DIRECTION('',(0.,0.,1.));
#2040=DIRECTION('',(1.,0.,0.));
#2041=DIRECTION('',(1.,1.88428890805355E-16,0.));
#2042=DIRECTION('',(0.,-1.,0.));
#2043=DIRECTION('',(0.,0.,1.));
#2044=DIRECTION('',(1.,0.,0.));
#2045=DIRECTION('',(1.,0.,0.));
#2046=DIRECTION('',(0.,0.,1.));
#2047=DIRECTION('',(1.,0.,0.));
#2048=DIRECTION('',(0.,-1.,0.));
#2049=DIRECTION('',(1.,1.88428890805355E-16,0.));
#2050=DIRECTION('',(0.,0.,1.));
#2051=DIRECTION('',(1.,0.,0.));
#2052=DIRECTION('',(-1.,-5.42852623483695E-16,0.));
#2053=DIRECTION('',(0.,1.,0.));
#2054=DIRECTION('',(1.,2.87562946701501E-16,0.));
#2055=DIRECTION('',(0.,-1.,0.));
#2056=DIRECTION('',(-1.,0.,0.));
#2057=DIRECTION('',(0.,0.,-1.));
#2058=DIRECTION('',(1.,0.,0.));
#2059=DIRECTION('',(0.,-1.,0.));
#2060=DIRECTION('',(0.,0.,-1.));
#2061=DIRECTION('',(1.,0.,0.));
#2062=DIRECTION('',(-1.,0.,0.));
#2063=DIRECTION('',(0.,-1.,0.));
#2064=DIRECTION('',(0.,0.,1.));
#2065=DIRECTION('',(1.,0.,0.));
#2066=DIRECTION('',(-1.,-1.88428890805355E-16,0.));
#2067=DIRECTION('',(0.,-1.,0.));
#2068=DIRECTION('',(1.,0.,0.));
#2069=DIRECTION('',(0.,-1.,0.));
#2070=DIRECTION('',(-1.,-1.88428890805355E-16,0.));
#2071=DIRECTION('',(0.,0.,1.));
#2072=DIRECTION('',(1.,0.,0.));
#2073=DIRECTION('',(0.,-1.,0.));
#2074=DIRECTION('',(1.,0.,0.));
#2075=DIRECTION('',(0.,0.,1.));
#2076=DIRECTION('',(1.,0.,0.));
#2077=DIRECTION('',(1.3592346646807E-16,-1.,0.));
#2078=DIRECTION('',(0.,0.,1.));
#2079=DIRECTION('',(1.,0.,0.));
#2080=DIRECTION('',(1.,0.,0.));
#2081=DIRECTION('',(0.,0.,1.));
#2082=DIRECTION('',(1.,0.,0.));
#2083=DIRECTION('',(-1.,0.,0.));
#2084=DIRECTION('',(0.,0.,-1.));
#2085=DIRECTION('',(1.,0.,0.));
#2086=DIRECTION('',(-1.,0.,0.));
#2087=DIRECTION('',(1.,0.,0.));
#2088=DIRECTION('',(0.,0.,1.));
#2089=DIRECTION('',(1.,0.,0.));
#2090=DIRECTION('',(1.,0.,0.));
#2091=DIRECTION('',(0.,0.,-1.));
#2092=DIRECTION('',(1.,0.,0.));
#2093=DIRECTION('',(0.,1.,0.));
#2094=DIRECTION('',(0.,0.,-1.));
#2095=DIRECTION('',(1.,0.,0.));
#2096=DIRECTION('',(0.,1.,0.));
#2097=DIRECTION('',(0.,0.,-1.));
#2098=DIRECTION('',(1.,0.,0.));
#2099=DIRECTION('',(0.,1.,0.));
#2100=DIRECTION('',(0.,0.,-1.));
#2101=DIRECTION('',(1.,0.,0.));
#2102=DIRECTION('',(0.,1.,0.));
#2103=DIRECTION('',(0.,0.,-1.));
#2104=DIRECTION('',(1.,0.,0.));
#2105=DIRECTION('',(0.,0.,1.));
#2106=DIRECTION('',(1.,0.,0.));
#2107=DIRECTION('',(0.,1.,0.));
#2108=DIRECTION('',(0.,0.,1.));
#2109=DIRECTION('',(1.,0.,0.));
#2110=DIRECTION('',(0.,1.,0.));
#2111=DIRECTION('',(0.,0.,1.));
#2112=DIRECTION('',(1.,0.,0.));
#2113=DIRECTION('',(-1.09273919746571E-15,1.,0.));
#2114=DIRECTION('',(0.,0.,1.));
#2115=DIRECTION('',(1.,0.,0.));
#2116=DIRECTION('',(0.,1.,0.));
#2117=DIRECTION('',(0.,0.,1.));
#2118=DIRECTION('',(1.,0.,0.));
#2119=DIRECTION('',(0.,0.,1.));
#2120=DIRECTION('',(1.,0.,0.));
#2121=DIRECTION('',(0.,0.,1.));
#2122=DIRECTION('',(1.,0.,0.));
#2123=DIRECTION('',(0.,0.,1.));
#2124=DIRECTION('',(1.,0.,0.));
#2125=DIRECTION('',(0.,0.,1.));
#2126=DIRECTION('',(1.,0.,0.));
#2127=DIRECTION('',(0.,0.,1.));
#2128=DIRECTION('',(1.,0.,0.));
#2129=DIRECTION('',(1.88428890805355E-16,-1.,0.));
#2130=DIRECTION('',(1.,1.88428890805355E-16,0.));
#2131=DIRECTION('',(0.,0.,-1.));
#2132=DIRECTION('',(0.,0.,-1.));
#2133=DIRECTION('',(0.,0.,-1.));
#2134=DIRECTION('',(-1.,0.,0.));
#2135=DIRECTION('',(0.,0.,-1.));
#2136=DIRECTION('',(0.,0.,-1.));
#2137=DIRECTION('',(1.,0.,0.));
#2138=DIRECTION('',(0.,0.,-1.));
#2139=DIRECTION('',(-1.,0.,0.));
#2140=DIRECTION('',(0.,0.,1.));
#2141=DIRECTION('',(0.,0.,-1.));
#2142=DIRECTION('',(0.,0.,-1.));
#2143=DIRECTION('',(0.,-1.,0.));
#2144=DIRECTION('',(0.,0.,-1.));
#2145=DIRECTION('',(0.,0.,-1.));
#2146=DIRECTION('',(0.,0.,-1.));
#2147=DIRECTION('',(-1.,0.,0.));
#2148=DIRECTION('',(0.,0.,-1.));
#2149=DIRECTION('',(1.88428890805355E-16,-1.,0.));
#2150=DIRECTION('',(1.,1.88428890805355E-16,0.));
#2151=DIRECTION('',(0.,0.,-1.));
#2152=DIRECTION('',(0.,0.,-1.));
#2153=DIRECTION('',(-1.,0.,0.));
#2154=DIRECTION('',(0.,0.,-1.));
#2155=DIRECTION('',(1.,0.,0.));
#2156=DIRECTION('',(0.,0.,-1.));
#2157=DIRECTION('',(0.,0.,-1.));
#2158=DIRECTION('',(0.,0.,-1.));
#2159=DIRECTION('',(0.,-1.,0.));
#2160=DIRECTION('',(0.,0.,-1.));
#2161=DIRECTION('',(1.,0.,0.));
#2162=DIRECTION('',(0.,0.,-1.));
#2163=DIRECTION('',(0.,0.,-1.));
#2164=DIRECTION('',(-1.,0.,0.));
#2165=DIRECTION('',(0.,0.,-1.));
#2166=DIRECTION('',(0.,0.,-1.));
#2167=DIRECTION('',(-1.88428890805356E-16,1.,0.));
#2168=DIRECTION('',(-1.,-1.88428890805356E-16,0.));
#2169=DIRECTION('',(-1.88428890805356E-16,1.,0.));
#2170=DIRECTION('',(-1.,-1.88428890805356E-16,0.));
#2171=DIRECTION('',(0.,0.,-1.));
#2172=DIRECTION('',(1.,0.,0.));
#2173=DIRECTION('',(0.,0.,-1.));
#2174=DIRECTION('',(0.,0.,-1.));
#2175=DIRECTION('',(-1.,0.,0.));
#2176=DIRECTION('',(0.,0.,1.));
#2177=DIRECTION('',(1.,0.,0.));
#2178=DIRECTION('',(0.,0.,-1.));
#2179=DIRECTION('',(0.,0.,-1.));
#2180=DIRECTION('',(1.,0.,0.));
#2181=DIRECTION('',(0.,0.,-1.));
#2182=DIRECTION('',(0.,-1.,0.));
#2183=DIRECTION('',(0.,0.,-1.));
#2184=DIRECTION('',(1.,0.,0.));
#2185=DIRECTION('',(0.,0.,-1.));
#2186=DIRECTION('',(0.,0.,-1.));
#2187=DIRECTION('',(-1.,0.,0.));
#2188=DIRECTION('',(0.,0.,1.));
#2189=DIRECTION('',(1.,0.,0.));
#2190=DIRECTION('',(0.,0.,-1.));
#2191=DIRECTION('',(-1.88428890805356E-16,1.,0.));
#2192=DIRECTION('',(-1.,-1.88428890805356E-16,0.));
#2193=DIRECTION('',(-1.88428890805356E-16,1.,0.));
#2194=DIRECTION('',(-1.,-1.88428890805356E-16,0.));
#2195=DIRECTION('',(1.,1.88428890805356E-16,0.));
#2196=DIRECTION('',(0.,0.,-1.));
#2197=DIRECTION('',(0.,0.,-1.));
#2198=DIRECTION('',(-1.,0.,0.));
#2199=DIRECTION('',(0.,0.,1.));
#2200=DIRECTION('',(1.,0.,0.));
#2201=DIRECTION('',(0.,0.,-1.));
#2202=DIRECTION('',(1.,0.,0.));
#2203=DIRECTION('',(0.,0.,-1.));
#2204=DIRECTION('',(1.,0.,0.));
#2205=DIRECTION('',(0.,0.,-1.));
#2206=DIRECTION('',(0.,-1.,0.));
#2207=DIRECTION('',(0.,0.,-1.));
#2208=DIRECTION('',(0.,0.,-1.));
#2209=DIRECTION('',(-1.,0.,0.));
#2210=DIRECTION('',(0.,0.,1.));
#2211=DIRECTION('',(1.,0.,0.));
#2212=DIRECTION('',(0.,0.,-1.));
#2213=DIRECTION('',(1.88428890805356E-16,-1.,0.));
#2214=DIRECTION('',(1.,1.88428890805356E-16,0.));
#2215=DIRECTION('',(-1.,-1.88428890805356E-16,0.));
#2216=DIRECTION('',(0.,1.,0.));
#2217=DIRECTION('',(0.,0.,1.));
#2218=DIRECTION('',(0.,0.,-1.));
#2219=DIRECTION('',(1.,0.,0.));
#2220=DIRECTION('',(0.,0.,-1.));
#2221=DIRECTION('',(0.,0.,-1.));
#2222=DIRECTION('',(-1.,0.,0.));
#2223=DIRECTION('',(0.,0.,-1.));
#2224=DIRECTION('',(0.,0.,-1.));
#2225=DIRECTION('',(1.,0.,0.));
#2226=DIRECTION('',(0.,1.,0.));
#2227=DIRECTION('',(0.,0.,1.));
#2228=DIRECTION('',(0.,0.,-1.));
#2229=DIRECTION('',(1.,0.,0.));
#2230=DIRECTION('',(0.,0.,-1.));
#2231=DIRECTION('',(-1.,0.,0.));
#2232=DIRECTION('',(0.,0.,-1.));
#2233=DIRECTION('',(0.,0.,1.));
#2234=DIRECTION('',(1.,0.,0.));
#2235=DIRECTION('',(0.,0.,-1.));
#2236=DIRECTION('',(1.,0.,0.));
#2237=DIRECTION('',(0.,0.,-1.));
#2238=DIRECTION('',(0.,-1.,0.));
#2239=DIRECTION('',(1.,0.,0.));
#2240=DIRECTION('',(0.,0.,-1.));
#2241=DIRECTION('',(0.,0.,-1.));
#2242=DIRECTION('',(0.,-1.,0.));
#2243=DIRECTION('',(0.,0.,-1.));
#2244=DIRECTION('',(-1.,0.,0.));
#2245=DIRECTION('',(0.,0.,-1.));
#2246=DIRECTION('',(0.,0.,1.));
#2247=DIRECTION('',(1.,0.,0.));
#2248=DIRECTION('',(0.,0.,-1.));
#2249=DIRECTION('',(-1.,0.,0.));
#2250=DIRECTION('',(0.,0.,-1.));
#2251=DIRECTION('',(0.,0.,1.));
#2252=DIRECTION('',(1.,0.,0.));
#2253=DIRECTION('',(0.,0.,-1.));
#2254=DIRECTION('',(0.,-1.,0.));
#2255=DIRECTION('',(0.,0.,-1.));
#2256=DIRECTION('',(0.,0.,-1.));
#2257=DIRECTION('',(-1.,0.,0.));
#2258=DIRECTION('',(0.,0.,-1.));
#2259=DIRECTION('',(-1.,0.,0.));
#2260=DIRECTION('',(0.,0.,-1.));
#2261=DIRECTION('',(0.,0.,-1.));
#2262=DIRECTION('',(1.,0.,0.));
#2263=DIRECTION('',(0.,1.,0.));
#2264=DIRECTION('',(0.,0.,1.));
#2265=DIRECTION('',(1.,0.,0.));
#2266=DIRECTION('',(0.,-1.,0.));
#2267=DIRECTION('',(0.,0.,-1.));
#2268=DIRECTION('',(-1.,0.,0.));
#2269=DIRECTION('',(0.,0.,-1.));
#2270=DIRECTION('',(-1.,0.,0.));
#2271=DIRECTION('',(0.,0.,1.));
#2272=DIRECTION('',(1.,0.,0.));
#2273=DIRECTION('',(0.,0.,1.));
#2274=DIRECTION('',(1.,0.,0.));
#2275=DIRECTION('',(-1.,0.,0.));
#2276=DIRECTION('',(0.,0.,1.));
#2277=DIRECTION('',(0.,0.,-1.));
#2278=DIRECTION('',(0.,1.,0.));
#2279=DIRECTION('',(0.,0.,-1.));
#2280=DIRECTION('',(0.,0.,-1.));
#2281=DIRECTION('',(-1.,0.,0.));
#2282=DIRECTION('',(0.,0.,-1.));
#2283=DIRECTION('',(0.,0.,-1.));
#2284=DIRECTION('',(1.,0.,0.));
#2285=DIRECTION('',(-1.,0.,0.));
#2286=DIRECTION('',(0.,0.,1.));
#2287=DIRECTION('',(0.,0.,-1.));
#2288=DIRECTION('',(0.,1.,0.));
#2289=DIRECTION('',(1.,0.,0.));
#2290=DIRECTION('',(0.,0.,-1.));
#2291=DIRECTION('',(0.,0.,-1.));
#2292=DIRECTION('',(0.,-1.,0.));
#2293=DIRECTION('',(0.,0.,-1.));
#2294=DIRECTION('',(0.,0.,-1.));
#2295=DIRECTION('',(-1.,0.,0.));
#2296=DIRECTION('',(0.,0.,-1.));
#2297=DIRECTION('',(0.,0.,-1.));
#2298=DIRECTION('',(1.,0.,0.));
#2299=DIRECTION('',(0.,-1.,0.));
#2300=DIRECTION('',(0.,0.,-1.));
#2301=DIRECTION('',(-1.,0.,0.));
#2302=DIRECTION('',(0.,-1.,0.));
#2303=DIRECTION('',(0.,0.,-1.));
#2304=DIRECTION('',(0.,0.,-1.));
#2305=DIRECTION('',(-1.,0.,0.));
#2306=DIRECTION('',(-1.,0.,0.));
#2307=DIRECTION('',(0.,0.,1.));
#2308=DIRECTION('',(0.,0.,-1.));
#2309=DIRECTION('',(0.,1.,0.));
#2310=DIRECTION('',(0.,0.,-1.));
#2311=DIRECTION('',(0.,0.,-1.));
#2312=DIRECTION('',(-1.,0.,0.));
#2313=DIRECTION('',(0.,0.,-1.));
#2314=DIRECTION('',(0.,0.,-1.));
#2315=DIRECTION('',(1.,0.,0.));
#2316=DIRECTION('',(-1.,0.,0.));
#2317=DIRECTION('',(0.,0.,1.));
#2318=DIRECTION('',(0.,0.,-1.));
#2319=DIRECTION('',(0.,1.,0.));
#2320=DIRECTION('',(0.,0.,-1.));
#2321=DIRECTION('',(-1.,0.,0.));
#2322=DIRECTION('',(0.,0.,-1.));
#2323=DIRECTION('',(1.,0.,0.));
#2324=DIRECTION('',(0.,0.,-1.));
#2325=DIRECTION('',(-1.,0.,0.));
#2326=DIRECTION('',(0.,0.,-1.));
#2327=DIRECTION('',(1.,0.,0.));
#2328=DIRECTION('',(0.,0.,-1.));
#2329=DIRECTION('',(-1.,0.,0.));
#2330=DIRECTION('',(0.,0.,-1.));
#2331=DIRECTION('',(1.,0.,0.));
#2332=DIRECTION('',(0.,0.,1.));
#2333=DIRECTION('',(1.,0.,0.));
#2334=DIRECTION('',(0.,0.,-1.));
#2335=DIRECTION('',(-1.,0.,0.));
#2336=DIRECTION('',(0.,0.,-1.));
#2337=DIRECTION('',(0.,0.,1.));
#2338=DIRECTION('',(1.,0.,0.));
#2339=DIRECTION('',(0.,0.,-1.));
#2340=DIRECTION('',(1.,1.3592346646807E-16,0.));
#2341=DIRECTION('',(-1.3592346646807E-16,1.,0.));
#2342=DIRECTION('',(0.,0.,-1.));
#2343=DIRECTION('',(1.3592346646807E-16,-1.,0.));
#2344=DIRECTION('',(0.,0.,-1.));
#2345=DIRECTION('',(-1.,0.,0.));
#2346=DIRECTION('',(0.,0.,-1.));
#2347=DIRECTION('',(0.,0.,1.));
#2348=DIRECTION('',(1.,0.,0.));
#2349=DIRECTION('',(0.,1.,0.));
#2350=DIRECTION('',(0.,0.,1.));
#2351=DIRECTION('',(1.,0.,0.));
#2352=DIRECTION('',(0.,0.,-1.));
#2353=DIRECTION('',(-1.,0.,0.));
#2354=DIRECTION('',(0.,0.,-1.));
#2355=DIRECTION('',(0.,0.,1.));
#2356=DIRECTION('',(1.,0.,0.));
#2357=DIRECTION('',(0.,0.,-1.));
#2358=DIRECTION('',(-1.,0.,0.));
#2359=DIRECTION('',(0.,0.,1.));
#2360=DIRECTION('',(0.,0.,-1.));
#2361=DIRECTION('',(0.,1.,0.));
#2362=DIRECTION('',(0.,0.,-1.));
#2363=DIRECTION('',(-1.,0.,0.));
#2364=DIRECTION('',(0.,0.,-1.));
#2365=DIRECTION('',(0.,0.,1.));
#2366=DIRECTION('',(1.,0.,0.));
#2367=DIRECTION('',(0.,0.,-1.));
#2368=DIRECTION('',(-1.,0.,0.));
#2369=DIRECTION('',(0.,0.,-1.));
#2370=DIRECTION('',(0.,0.,1.));
#2371=DIRECTION('',(1.,0.,0.));
#2372=DIRECTION('',(0.,0.,-1.));
#2373=DIRECTION('',(-1.,0.,0.));
#2374=DIRECTION('',(0.,0.,1.));
#2375=DIRECTION('',(0.,0.,-1.));
#2376=DIRECTION('',(0.,1.,0.));
#2377=DIRECTION('',(0.,0.,-1.));
#2378=DIRECTION('',(-1.,0.,0.));
#2379=DIRECTION('',(0.,0.,-1.));
#2380=DIRECTION('',(0.,0.,1.));
#2381=DIRECTION('',(1.,0.,0.));
#2382=DIRECTION('',(-1.,-1.09273919746571E-15,0.));
#2383=DIRECTION('',(1.09273919746571E-15,-1.,0.));
#2384=DIRECTION('',(-1.09273919746571E-15,1.,0.));
#2385=DIRECTION('',(-1.,0.,0.));
#2386=DIRECTION('',(0.,0.,1.));
#2387=DIRECTION('',(0.,1.,0.));
#2388=DIRECTION('',(0.,1.,0.));
#2389=DIRECTION('',(0.,0.,1.));
#2390=DIRECTION('',(1.,0.,0.));
#2391=DIRECTION('',(0.,0.,1.));
#2392=DIRECTION('',(1.,0.,0.));
#2393=DIRECTION('',(-1.88428890805356E-16,1.,0.));
#2394=DIRECTION('',(-1.,-1.88428890805356E-16,0.));
#2395=DIRECTION('',(1.,0.,0.));
#2396=DIRECTION('',(0.,0.,-1.));
#2397=DIRECTION('',(-1.,0.,0.));
#2398=DIRECTION('',(0.,0.,1.));
#2399=DIRECTION('',(0.,0.,-1.));
#2400=DIRECTION('',(1.,0.,0.));
#2401=DIRECTION('',(0.,0.,-1.));
#2402=DIRECTION('',(-1.,0.,0.));
#2403=DIRECTION('',(0.,0.,-1.));
#2404=DIRECTION('',(-1.,0.,0.));
#2405=DIRECTION('',(0.,0.,-1.));
#2406=DIRECTION('',(-1.,0.,0.));
#2407=DIRECTION('',(0.,0.,-1.));
#2408=DIRECTION('',(-1.,0.,0.));
#2409=DIRECTION('',(0.,0.,-1.));
#2410=DIRECTION('',(1.,0.,0.));
#2411=DIRECTION('',(0.,0.,-1.));
#2412=DIRECTION('',(-1.,0.,0.));
#2413=DIRECTION('',(0.,0.,-1.));
#2414=DIRECTION('',(-1.,0.,0.));
#2415=DIRECTION('',(0.,0.,-1.));
#2416=DIRECTION('',(1.,0.,0.));
#2417=DIRECTION('',(5.42852623483695E-16,1.,0.));
#2418=DIRECTION('',(-1.,5.42852623483695E-16,0.));
#2419=DIRECTION('',(0.,0.,-1.));
#2420=DIRECTION('',(-1.,0.,0.));
#2421=DIRECTION('',(0.,0.,1.));
#2422=DIRECTION('',(0.,0.,-1.));
#2423=DIRECTION('',(-2.87562946701501E-16,-1.,0.));
#2424=DIRECTION('',(1.,-2.87562946701501E-16,0.));
#2425=DIRECTION('',(-2.87562946701501E-16,1.,0.));
#2426=DIRECTION('',(-1.,-2.87562946701501E-16,0.));
#2427=DIRECTION('',(0.,0.,-1.));
#2428=DIRECTION('',(-1.,0.,0.));
#2429=DIRECTION('',(0.,0.,1.));
#2430=DIRECTION('',(0.,0.,-1.));
#2431=DIRECTION('',(5.42852623483695E-16,-1.,0.));
#2432=DIRECTION('',(1.,5.42852623483695E-16,0.));
#2433=DIRECTION('',(1.,0.,0.));
#2434=DIRECTION('',(0.,0.,-1.));
#2435=DIRECTION('',(0.,0.,-1.));
#2436=DIRECTION('',(0.,1.,0.));
#2437=DIRECTION('',(0.,0.,1.));
#2438=DIRECTION('',(0.,0.,-1.));
#2439=DIRECTION('',(1.,0.,0.));
#2440=DIRECTION('',(0.,0.,-1.));
#2441=DIRECTION('',(0.,0.,1.));
#2442=DIRECTION('',(1.,0.,0.));
#2443=DIRECTION('',(0.,0.,1.));
#2444=DIRECTION('',(1.,0.,0.));
#2445=DIRECTION('',(0.,0.,1.));
#2446=DIRECTION('',(1.,0.,0.));
#2447=DIRECTION('',(0.,0.,1.));
#2448=DIRECTION('',(1.,0.,0.));
#2449=DIRECTION('',(0.,0.,1.));
#2450=DIRECTION('',(1.,0.,0.));
#2451=DIRECTION('',(0.,0.,1.));
#2452=DIRECTION('',(1.,0.,0.));
#2453=DIRECTION('',(0.,0.,1.));
#2454=DIRECTION('',(1.,0.,0.));
#2455=DIRECTION('',(0.,0.,1.));
#2456=DIRECTION('',(1.,0.,0.));
#2457=DIRECTION('',(0.,0.,1.));
#2458=DIRECTION('',(1.,0.,0.));
#2459=DIRECTION('',(0.,0.,1.));
#2460=DIRECTION('',(1.,0.,0.));
#2461=DIRECTION('',(0.,0.,1.));
#2462=DIRECTION('',(1.,0.,0.));
#2463=DIRECTION('',(0.,0.,1.));
#2464=DIRECTION('',(1.,0.,0.));
#2465=CARTESIAN_POINT('',(0.,0.,0.));
#2466=CARTESIAN_POINT('',(0.16,-1.38777878078145E-17,0.109194000762939));
#2467=CARTESIAN_POINT('',(0.067427,0.051679,0.109194000762939));
#2468=CARTESIAN_POINT('',(0.0692685,0.051679,0.109194000762939));
#2469=CARTESIAN_POINT('',(0.067427,0.075301,0.109194000762939));
#2470=CARTESIAN_POINT('',(0.0692685,0.075301,0.109194000762939));
#2471=CARTESIAN_POINT('',(0.268067,0.075301,0.109194000762939));
#2472=CARTESIAN_POINT('',(0.2699085,0.075301,0.109194000762939));
#2473=CARTESIAN_POINT('',(0.148189,-0.090668,0.109194000762939));
#2474=CARTESIAN_POINT('',(0.1500305,-0.090668,0.109194000762939));
#2475=CARTESIAN_POINT('',(0.252573,0.075301,0.109194000762939));
#2476=CARTESIAN_POINT('',(0.2544145,0.075301,0.109194000762939));
#2477=CARTESIAN_POINT('',(0.05333,0.04571,0.109194000762939));
#2478=CARTESIAN_POINT('',(0.065395,0.04571,0.109194000762939));
#2479=CARTESIAN_POINT('',(0.041265,0.04571,0.109194000762939));
#2480=CARTESIAN_POINT('',(0.065395,-4.16333634234433E-17,0.109194000762939));
#2481=CARTESIAN_POINT('',(0.065395,-0.07365,0.109194000762939));
#2482=CARTESIAN_POINT('',(0.08635,-0.07365,0.109194000762939));
#2483=CARTESIAN_POINT('',(0.08635,-0.094605,0.109194000762939));
#2484=CARTESIAN_POINT('',(0.16,-0.094605,0.109194000762939));
#2485=CARTESIAN_POINT('',(0.14222,-0.094605,0.109194000762939));
#2486=CARTESIAN_POINT('',(0.14222,-0.104765,0.109194000762939));
#2487=CARTESIAN_POINT('',(0.14222,-0.114925,0.109194000762939));
#2488=CARTESIAN_POINT('',(0.15111,-0.114925,0.109194000762939));
#2489=CARTESIAN_POINT('',(0.17778,-0.114925,0.109194000762939));
#2490=CARTESIAN_POINT('',(0.17778,-0.104765,0.109194000762939));
#2491=CARTESIAN_POINT('',(0.17778,-0.094605,0.109194000762939));
#2492=CARTESIAN_POINT('',(0.16,-0.094605,0.109194000762939));
#2493=CARTESIAN_POINT('',(0.23365,-0.094605,0.109194000762939));
#2494=CARTESIAN_POINT('',(0.23365,-0.07365,0.109194000762939));
#2495=CARTESIAN_POINT('',(0.254605,-0.07365,0.109194000762939));
#2496=CARTESIAN_POINT('',(0.254605,0.,0.109194000762939));
#2497=CARTESIAN_POINT('',(0.254605,0.04571,0.109194000762939));
#2498=CARTESIAN_POINT('',(0.26667,0.04571,0.109194000762939));
#2499=CARTESIAN_POINT('',(0.278735,0.04571,0.109194000762939));
#2500=CARTESIAN_POINT('',(0.278735,0.06349,0.109194000762939));
#2501=CARTESIAN_POINT('',(0.278735,0.08127,0.109194000762939));
#2502=CARTESIAN_POINT('',(0.265952720604576,0.08127,0.109194000762939));
#2503=CARTESIAN_POINT('',(0.253170441209153,0.08127,0.109194000762939));
#2504=CARTESIAN_POINT('',(0.23365,0.07365,0.109194000762939));
#2505=CARTESIAN_POINT('',(0.23365,0.094605,0.109194000762939));
#2506=CARTESIAN_POINT('',(0.16,0.094605,0.109194000762939));
#2507=CARTESIAN_POINT('',(0.08635,0.094605,0.109194000762939));
#2508=CARTESIAN_POINT('',(0.08635,0.07365,0.109194000762939));
#2509=CARTESIAN_POINT('',(0.066829558790847,0.08127,0.109194000762939));
#2510=CARTESIAN_POINT('',(0.0540472793954235,0.08127,0.109194000762939));
#2511=CARTESIAN_POINT('',(0.041265,0.08127,0.109194000762939));
#2512=CARTESIAN_POINT('',(0.041265,0.06349,0.109194000762939));
#2513=CARTESIAN_POINT('',(0.08635,-0.07365,0.109194000762939));
#2514=CARTESIAN_POINT('',(0.078095,-0.07365,0.109194000762939));
#2515=CARTESIAN_POINT('',(0.08635,-0.081905,0.109194000762939));
#2516=CARTESIAN_POINT('',(0.078095,-2.77555756156289E-17,0.109194000762939));
#2517=CARTESIAN_POINT('',(0.078095,0.07365,0.109194000762939));
#2518=CARTESIAN_POINT('',(0.08635,0.07365,0.109194000762939));
#2519=CARTESIAN_POINT('',(0.08635,0.081905,0.109194000762939));
#2520=CARTESIAN_POINT('',(0.16,0.081905,0.109194000762939));
#2521=CARTESIAN_POINT('',(0.23365,0.081905,0.109194000762939));
#2522=CARTESIAN_POINT('',(0.23365,0.07365,0.109194000762939));
#2523=CARTESIAN_POINT('',(0.241905,0.07365,0.109194000762939));
#2524=CARTESIAN_POINT('',(0.241905,0.,0.109194000762939));
#2525=CARTESIAN_POINT('',(0.241905,-0.07365,0.109194000762939));
#2526=CARTESIAN_POINT('',(0.23365,-0.07365,0.109194000762939));
#2527=CARTESIAN_POINT('',(0.23365,-0.081905,0.109194000762939));
#2528=CARTESIAN_POINT('',(0.16,-0.081905,0.109194000762939));
#2529=CARTESIAN_POINT('',(0.148189,-0.106162,0.109194000762939));
#2530=CARTESIAN_POINT('',(0.1500305,-0.106162,0.109194000762939));
#2531=CARTESIAN_POINT('',(0.171811,-0.106162,0.109194000762939));
#2532=CARTESIAN_POINT('',(0.1736525,-0.106162,0.109194000762939));
#2533=CARTESIAN_POINT('',(0.268067,0.051679,0.109194000762939));
#2534=CARTESIAN_POINT('',(0.2699085,0.051679,0.109194000762939));
#2535=CARTESIAN_POINT('',(0.252573,0.051679,0.109194000762939));
#2536=CARTESIAN_POINT('',(0.2544145,0.051679,0.109194000762939));
#2537=CARTESIAN_POINT('',(0.171811,-0.090668,0.109194000762939));
#2538=CARTESIAN_POINT('',(0.1736525,-0.090668,0.109194000762939));
#2539=CARTESIAN_POINT('',(0.051933,0.075301,0.109194000762939));
#2540=CARTESIAN_POINT('',(0.0537745,0.075301,0.109194000762939));
#2541=CARTESIAN_POINT('',(0.051933,0.051679,0.109194000762939));
#2542=CARTESIAN_POINT('',(0.0537745,0.051679,0.109194000762939));
#2543=CARTESIAN_POINT('',(0.16,0.,0.0753040007629389));
#2544=CARTESIAN_POINT('',(0.067427,0.051679,0.0753040007629389));
#2545=CARTESIAN_POINT('',(0.0692685,0.051679,0.0753040007629389));
#2546=CARTESIAN_POINT('',(0.051933,0.075301,0.0753040007629389));
#2547=CARTESIAN_POINT('',(0.0537745,0.075301,0.0753040007629389));
#2548=CARTESIAN_POINT('',(0.171811,-0.090668,0.0753040007629389));
#2549=CARTESIAN_POINT('',(0.1736525,-0.090668,0.0753040007629389));
#2550=CARTESIAN_POINT('',(0.268067,0.051679,0.0753040007629389));
#2551=CARTESIAN_POINT('',(0.2699085,0.051679,0.0753040007629389));
#2552=CARTESIAN_POINT('',(0.148189,-0.106162,0.0753040007629389));
#2553=CARTESIAN_POINT('',(0.1500305,-0.106162,0.0753040007629389));
#2554=CARTESIAN_POINT('',(0.252573,0.075301,0.0753040007629389));
#2555=CARTESIAN_POINT('',(0.2544145,0.075301,0.0753040007629389));
#2556=CARTESIAN_POINT('',(0.065395,-4.16333634234433E-17,0.0753040007629389));
#2557=CARTESIAN_POINT('',(0.065395,0.04571,0.0753040007629389));
#2558=CARTESIAN_POINT('',(0.065395,-4.16333634234433E-17,0.0753040007629389));
#2559=CARTESIAN_POINT('',(0.05333,0.04571,0.0753040007629389));
#2560=CARTESIAN_POINT('',(0.041265,0.04571,0.0753040007629389));
#2561=CARTESIAN_POINT('',(0.041265,0.06349,0.0753040007629389));
#2562=CARTESIAN_POINT('',(0.041265,0.08127,0.0753040007629389));
#2563=CARTESIAN_POINT('',(0.0540472793954235,0.08127,0.0753040007629389));
#2564=CARTESIAN_POINT('',(0.066829558790847,0.08127,0.0753040007629389));
#2565=CARTESIAN_POINT('',(0.08635,0.07365,0.0753040007629389));
#2566=CARTESIAN_POINT('',(0.08635,0.094605,0.0753040007629389));
#2567=CARTESIAN_POINT('',(0.16,0.094605,0.0753040007629389));
#2568=CARTESIAN_POINT('',(0.108660001466137,0.094605,0.0753040007629389));
#2569=CARTESIAN_POINT('',(0.108660001466137,0.107052501971856,0.0753040007629389));
#2570=CARTESIAN_POINT('',(0.108660001466137,0.119500003943713,0.0753040007629389));
#2571=CARTESIAN_POINT('',(0.115010001466137,0.119500003943713,0.0753040007629389));
#2572=CARTESIAN_POINT('',(0.115010001466137,0.125850003943713,0.0753040007629389));
#2573=CARTESIAN_POINT('',(0.182494999266931,0.125850003943713,0.0753040007629389));
#2574=CARTESIAN_POINT('',(0.204989998533863,0.125850003943713,0.0753040007629389));
#2575=CARTESIAN_POINT('',(0.204989998533863,0.119500003943713,0.0753040007629389));
#2576=CARTESIAN_POINT('',(0.211339998533863,0.119500003943713,0.0753040007629389));
#2577=CARTESIAN_POINT('',(0.211339998533863,0.107052501971856,0.0753040007629389));
#2578=CARTESIAN_POINT('',(0.211339998533863,0.094605,0.0753040007629389));
#2579=CARTESIAN_POINT('',(0.16,0.094605,0.0753040007629389));
#2580=CARTESIAN_POINT('',(0.23365,0.094605,0.0753040007629389));
#2581=CARTESIAN_POINT('',(0.23365,0.07365,0.0753040007629389));
#2582=CARTESIAN_POINT('',(0.253170441209153,0.08127,0.0753040007629389));
#2583=CARTESIAN_POINT('',(0.265952720604576,0.08127,0.0753040007629389));
#2584=CARTESIAN_POINT('',(0.278735,0.08127,0.0753040007629389));
#2585=CARTESIAN_POINT('',(0.278735,0.06349,0.0753040007629389));
#2586=CARTESIAN_POINT('',(0.278735,0.04571,0.0753040007629389));
#2587=CARTESIAN_POINT('',(0.26667,0.04571,0.0753040007629389));
#2588=CARTESIAN_POINT('',(0.254605,0.04571,0.0753040007629389));
#2589=CARTESIAN_POINT('',(0.254605,0.,0.0753040007629389));
#2590=CARTESIAN_POINT('',(0.254605,-4.16333634234433E-17,0.0753040007629389));
#2591=CARTESIAN_POINT('',(0.263527503759143,-4.16333634234433E-17,0.0753040007629389));
#2592=CARTESIAN_POINT('',(0.272450007518285,-4.16333634234433E-17,0.0753040007629389));
#2593=CARTESIAN_POINT('',(0.272450007518285,-0.00635,0.0753040007629389));
#2594=CARTESIAN_POINT('',(0.278800007518285,-0.00635,0.0753040007629389));
#2595=CARTESIAN_POINT('',(0.278800007518285,-0.0318750034604484,0.0753040007629389));
#2596=CARTESIAN_POINT('',(0.278800007518285,-0.0574000069208968,0.0753040007629389));
#2597=CARTESIAN_POINT('',(0.272450007518285,-0.0574000069208968,0.0753040007629389));
#2598=CARTESIAN_POINT('',(0.272450007518285,-0.0637500069208968,0.0753040007629389));
#2599=CARTESIAN_POINT('',(0.263527503759143,-0.0637500069208968,0.0753040007629389));
#2600=CARTESIAN_POINT('',(0.254605,-0.0637500069208968,0.0753040007629389));
#2601=CARTESIAN_POINT('',(0.254605,0.,0.0753040007629389));
#2602=CARTESIAN_POINT('',(0.254605,-0.07365,0.0753040007629389));
#2603=CARTESIAN_POINT('',(0.23365,-0.07365,0.0753040007629389));
#2604=CARTESIAN_POINT('',(0.23365,-0.094605,0.0753040007629389));
#2605=CARTESIAN_POINT('',(0.16,-0.094605,0.0753040007629389));
#2606=CARTESIAN_POINT('',(0.17778,-0.094605,0.0753040007629389));
#2607=CARTESIAN_POINT('',(0.17778,-0.104765,0.0753040007629389));
#2608=CARTESIAN_POINT('',(0.17778,-0.114925,0.0753040007629389));
#2609=CARTESIAN_POINT('',(0.15111,-0.114925,0.0753040007629389));
#2610=CARTESIAN_POINT('',(0.14222,-0.114925,0.0753040007629389));
#2611=CARTESIAN_POINT('',(0.14222,-0.104765,0.0753040007629389));
#2612=CARTESIAN_POINT('',(0.14222,-0.094605,0.0753040007629389));
#2613=CARTESIAN_POINT('',(0.16,-0.094605,0.0753040007629389));
#2614=CARTESIAN_POINT('',(0.08635,-0.094605,0.0753040007629389));
#2615=CARTESIAN_POINT('',(0.08635,-0.07365,0.0753040007629389));
#2616=CARTESIAN_POINT('',(0.065395,-0.07365,0.0753040007629389));
#2617=CARTESIAN_POINT('',(0.065395,-4.16333634234433E-17,0.0753040007629389));
#2618=CARTESIAN_POINT('',(0.065395,-0.0637500069208968,0.0753040007629389));
#2619=CARTESIAN_POINT('',(0.0564724962408578,-0.0637500069208968,0.0753040007629389));
#2620=CARTESIAN_POINT('',(0.0475499924817155,-0.0637500069208968,0.0753040007629389));
#2621=CARTESIAN_POINT('',(0.0475499924817155,-0.0574000069208968,0.0753040007629389));
#2622=CARTESIAN_POINT('',(0.0411999924817155,-0.0574000069208968,0.0753040007629389));
#2623=CARTESIAN_POINT('',(0.0411999924817155,-0.0318750034604484,0.0753040007629389));
#2624=CARTESIAN_POINT('',(0.0411999924817155,-0.00635,0.0753040007629389));
#2625=CARTESIAN_POINT('',(0.0475499924817155,-0.00635,0.0753040007629389));
#2626=CARTESIAN_POINT('',(0.0475499924817155,-4.16333634234433E-17,0.0753040007629389));
#2627=CARTESIAN_POINT('',(0.0564724962408578,-4.16333634234433E-17,0.0753040007629389));
#2628=CARTESIAN_POINT('',(0.116825001466137,0.117050003943713,0.0753040007629389));
#2629=CARTESIAN_POINT('',(0.116825001466137,0.120300003943713,0.0753040007629389));
#2630=CARTESIAN_POINT('',(0.116825001466137,0.113800003943713,0.0753040007629389));
#2631=CARTESIAN_POINT('',(0.120000001466137,0.113800003943713,0.0753040007629389));
#2632=CARTESIAN_POINT('',(0.123175001466137,0.113800003943713,0.0753040007629389));
#2633=CARTESIAN_POINT('',(0.123175001466137,0.117050003943713,0.0753040007629389));
#2634=CARTESIAN_POINT('',(0.123175001466137,0.120300003943713,0.0753040007629389));
#2635=CARTESIAN_POINT('',(0.120000001466137,0.120300003943713,0.0753040007629389));
#2636=CARTESIAN_POINT('',(0.199999998533863,0.120300003943713,0.0753040007629389));
#2637=CARTESIAN_POINT('',(0.196824998533863,0.120300003943713,0.0753040007629389));
#2638=CARTESIAN_POINT('',(0.203174998533863,0.120300003943713,0.0753040007629389));
#2639=CARTESIAN_POINT('',(0.196824998533863,0.117050003943713,0.0753040007629389));
#2640=CARTESIAN_POINT('',(0.196824998533863,0.113800003943713,0.0753040007629389));
#2641=CARTESIAN_POINT('',(0.199999998533863,0.113800003943713,0.0753040007629389));
#2642=CARTESIAN_POINT('',(0.203174998533863,0.113800003943713,0.0753040007629389));
#2643=CARTESIAN_POINT('',(0.203174998533863,0.117050003943713,0.0753040007629389));
#2644=CARTESIAN_POINT('',(0.273249999718285,-0.0549499991208968,0.0753040007629389));
#2645=CARTESIAN_POINT('',(0.273249999718285,-0.0581249991208968,0.0753040007629389));
#2646=CARTESIAN_POINT('',(0.273249999718285,-0.0517749991208968,0.0753040007629389));
#2647=CARTESIAN_POINT('',(0.269999999718284,-0.0517749991208968,0.0753040007629389));
#2648=CARTESIAN_POINT('',(0.266749999718285,-0.0517749991208968,0.0753040007629389));
#2649=CARTESIAN_POINT('',(0.266749999718285,-0.0549499991208968,0.0753040007629389));
#2650=CARTESIAN_POINT('',(0.266749999718285,-0.0581249991208968,0.0753040007629389));
#2651=CARTESIAN_POINT('',(0.269999999718284,-0.0581249991208968,0.0753040007629389));
#2652=CARTESIAN_POINT('',(0.273249999718285,-0.0129499994706748,0.0753040007629389));
#2653=CARTESIAN_POINT('',(0.273249999718285,-0.0161249994706748,0.0753040007629389));
#2654=CARTESIAN_POINT('',(0.273249999718285,-0.0097749994706748,0.0753040007629389));
#2655=CARTESIAN_POINT('',(0.269999999718284,-0.0097749994706748,0.0753040007629389));
#2656=CARTESIAN_POINT('',(0.266749999718285,-0.0097749994706748,0.0753040007629389));
#2657=CARTESIAN_POINT('',(0.266749999718285,-0.0129499994706748,0.0753040007629389));
#2658=CARTESIAN_POINT('',(0.266749999718285,-0.0161249994706748,0.0753040007629389));
#2659=CARTESIAN_POINT('',(0.269999999718284,-0.0161249994706748,0.0753040007629389));
#2660=CARTESIAN_POINT('',(0.0500000002817155,-0.0097749994706748,0.0753040007629389));
#2661=CARTESIAN_POINT('',(0.0532500002817155,-0.0097749994706748,0.0753040007629389));
#2662=CARTESIAN_POINT('',(0.0467500002817155,-0.0097749994706748,0.0753040007629389));
#2663=CARTESIAN_POINT('',(0.0467500002817155,-0.0129499994706748,0.0753040007629389));
#2664=CARTESIAN_POINT('',(0.0467500002817155,-0.0161249994706748,0.0753040007629389));
#2665=CARTESIAN_POINT('',(0.0500000002817155,-0.0161249994706748,0.0753040007629389));
#2666=CARTESIAN_POINT('',(0.0532500002817155,-0.0161249994706748,0.0753040007629389));
#2667=CARTESIAN_POINT('',(0.0532500002817155,-0.0129499994706748,0.0753040007629389));
#2668=CARTESIAN_POINT('',(0.0500000002817155,-0.0517749991208968,0.0753040007629389));
#2669=CARTESIAN_POINT('',(0.0532500002817155,-0.0517749991208968,0.0753040007629389));
#2670=CARTESIAN_POINT('',(0.0467500002817155,-0.0517749991208968,0.0753040007629389));
#2671=CARTESIAN_POINT('',(0.0467500002817155,-0.0549499991208968,0.0753040007629389));
#2672=CARTESIAN_POINT('',(0.0467500002817155,-0.0581249991208968,0.0753040007629389));
#2673=CARTESIAN_POINT('',(0.0500000002817155,-0.0581249991208968,0.0753040007629389));
#2674=CARTESIAN_POINT('',(0.0532500002817155,-0.0581249991208968,0.0753040007629389));
#2675=CARTESIAN_POINT('',(0.0532500002817155,-0.0549499991208968,0.0753040007629389));
#2676=CARTESIAN_POINT('',(0.148189,-0.090668,0.0753040007629389));
#2677=CARTESIAN_POINT('',(0.1500305,-0.090668,0.0753040007629389));
#2678=CARTESIAN_POINT('',(0.171811,-0.106162,0.0753040007629389));
#2679=CARTESIAN_POINT('',(0.1736525,-0.106162,0.0753040007629389));
#2680=CARTESIAN_POINT('',(0.268067,0.075301,0.0753040007629389));
#2681=CARTESIAN_POINT('',(0.2699085,0.075301,0.0753040007629389));
#2682=CARTESIAN_POINT('',(0.252573,0.051679,0.0753040007629389));
#2683=CARTESIAN_POINT('',(0.2544145,0.051679,0.0753040007629389));
#2684=CARTESIAN_POINT('',(0.067427,0.075301,0.0753040007629389));
#2685=CARTESIAN_POINT('',(0.0692685,0.075301,0.0753040007629389));
#2686=CARTESIAN_POINT('',(0.051933,0.051679,0.0753040007629389));
#2687=CARTESIAN_POINT('',(0.0537745,0.051679,0.0753040007629389));
#2688=CARTESIAN_POINT('',(0.16,-0.094605,0.109196000762939));
#2689=CARTESIAN_POINT('',(0.17778,-0.094605,0.109196000762939));
#2690=CARTESIAN_POINT('',(0.23365,-0.094605,0.109196000762939));
#2691=CARTESIAN_POINT('',(0.08635,0.07365,0.109196000762939));
#2692=CARTESIAN_POINT('',(0.066829558790847,0.08127,0.109196000762939));
#2693=CARTESIAN_POINT('',(0.08635,0.094605,0.109196000762939));
#2694=CARTESIAN_POINT('',(0.065395,-4.16333634234433E-17,0.109196000762939));
#2695=CARTESIAN_POINT('',(0.065395,0.03555,0.0922490007629389));
#2696=CARTESIAN_POINT('',(0.065395,0.03555,0.0952970007629389));
#2697=CARTESIAN_POINT('',(0.065395,0.04571,0.109196000762939));
#2698=CARTESIAN_POINT('',(0.065395,-4.16333634234433E-17,0.0841940007629389));
#2699=CARTESIAN_POINT('',(0.065395,-4.16333634234433E-17,0.0841940007629389));
#2700=CARTESIAN_POINT('',(0.065395,-0.0318750034604484,0.0841940007629389));
#2701=CARTESIAN_POINT('',(0.065395,-0.0637500069208968,0.0841940007629389));
#2702=CARTESIAN_POINT('',(0.065395,-0.0637500069208968,0.0841940007629389));
#2703=CARTESIAN_POINT('',(0.065395,-0.07365,0.109196000762939));
#2704=CARTESIAN_POINT('',(0.08635,-0.07365,0.109196000762939));
#2705=CARTESIAN_POINT('',(0.08635,-0.094605,0.109196000762939));
#2706=CARTESIAN_POINT('',(0.16,-0.094605,0.109196000762939));
#2707=CARTESIAN_POINT('',(0.14222,-0.094605,0.109196000762939));
#2708=CARTESIAN_POINT('',(0.23365,-0.07365,0.109196000762939));
#2709=CARTESIAN_POINT('',(0.254605,-0.07365,0.109196000762939));
#2710=CARTESIAN_POINT('',(0.254605,0.,0.109196000762939));
#2711=CARTESIAN_POINT('',(0.254605,0.04571,0.109196000762939));
#2712=CARTESIAN_POINT('',(0.254605,-0.0637500069208968,0.0841940007629389));
#2713=CARTESIAN_POINT('',(0.254605,-0.0637500069208968,0.0841940007629389));
#2714=CARTESIAN_POINT('',(0.254605,-0.0318750034604484,0.0841940007629389));
#2715=CARTESIAN_POINT('',(0.254605,-3.46944695195361E-17,0.0841940007629389));
#2716=CARTESIAN_POINT('',(0.254605,-4.16333634234433E-17,0.0841940007629389));
#2717=CARTESIAN_POINT('',(0.254605,0.03555,0.0922490007629389));
#2718=CARTESIAN_POINT('',(0.254605,0.03555,0.0892010007629389));
#2719=CARTESIAN_POINT('',(0.23365,0.07365,0.109196000762939));
#2720=CARTESIAN_POINT('',(0.253170441209153,0.08127,0.109196000762939));
#2721=CARTESIAN_POINT('',(0.23365,0.094605,0.109196000762939));
#2722=CARTESIAN_POINT('',(0.16,0.094605,0.109196000762939));
#2723=CARTESIAN_POINT('',(0.16,0.094605,0.0922490007629389));
#2724=CARTESIAN_POINT('',(0.156952,0.094605,0.0922490007629389));
#2725=CARTESIAN_POINT('',(0.211339998533863,0.094605,0.0841940007629389));
#2726=CARTESIAN_POINT('',(0.211339998533863,0.094605,0.0841940007629389));
#2727=CARTESIAN_POINT('',(0.134330000733068,0.094605,0.0841940007629389));
#2728=CARTESIAN_POINT('',(0.108660001466137,0.094605,0.0841940007629389));
#2729=CARTESIAN_POINT('',(0.108660001466137,0.094605,0.0841940007629389));
#2730=CARTESIAN_POINT('',(0.08635,-0.07365,0.109196000762939));
#2731=CARTESIAN_POINT('',(0.08635,-0.07365,0.0803840007629389));
#2732=CARTESIAN_POINT('',(0.078095,-0.07365,0.0803840007629389));
#2733=CARTESIAN_POINT('',(0.08635,-0.081905,0.0803840007629389));
#2734=CARTESIAN_POINT('',(0.078095,-0.07365,0.109196000762939));
#2735=CARTESIAN_POINT('',(0.08635,-0.081905,0.109196000762939));
#2736=CARTESIAN_POINT('',(0.078095,-2.77555756156289E-17,0.109196000762939));
#2737=CARTESIAN_POINT('',(0.078095,-2.77555756156289E-17,0.0803840007629389));
#2738=CARTESIAN_POINT('',(0.078095,0.07365,0.0803840007629389));
#2739=CARTESIAN_POINT('',(0.078095,0.07365,0.109196000762939));
#2740=CARTESIAN_POINT('',(0.078095,0.03555,0.0922490007629389));
#2741=CARTESIAN_POINT('',(0.078095,0.03555,0.0892010007629389));
#2742=CARTESIAN_POINT('',(0.08635,0.07365,0.109196000762939));
#2743=CARTESIAN_POINT('',(0.08635,0.07365,0.0803840007629389));
#2744=CARTESIAN_POINT('',(0.08635,0.081905,0.0803840007629389));
#2745=CARTESIAN_POINT('',(0.08635,0.081905,0.109196000762939));
#2746=CARTESIAN_POINT('',(0.16,0.081905,0.109196000762939));
#2747=CARTESIAN_POINT('',(0.16,0.081905,0.0922490007629389));
#2748=CARTESIAN_POINT('',(0.156952,0.081905,0.0922490007629389));
#2749=CARTESIAN_POINT('',(0.16,0.081905,0.0803840007629389));
#2750=CARTESIAN_POINT('',(0.23365,0.081905,0.0803840007629389));
#2751=CARTESIAN_POINT('',(0.23365,0.081905,0.109196000762939));
#2752=CARTESIAN_POINT('',(0.23365,0.07365,0.109196000762939));
#2753=CARTESIAN_POINT('',(0.23365,0.07365,0.0803840007629389));
#2754=CARTESIAN_POINT('',(0.241905,0.07365,0.0803840007629389));
#2755=CARTESIAN_POINT('',(0.241905,0.07365,0.109196000762939));
#2756=CARTESIAN_POINT('',(0.241905,0.,0.109196000762939));
#2757=CARTESIAN_POINT('',(0.241905,0.03555,0.0922490007629389));
#2758=CARTESIAN_POINT('',(0.241905,0.03555,0.0892010007629389));
#2759=CARTESIAN_POINT('',(0.241905,0.,0.0803840007629389));
#2760=CARTESIAN_POINT('',(0.241905,-0.07365,0.0803840007629389));
#2761=CARTESIAN_POINT('',(0.241905,-0.07365,0.109196000762939));
#2762=CARTESIAN_POINT('',(0.23365,-0.07365,0.109196000762939));
#2763=CARTESIAN_POINT('',(0.23365,-0.07365,0.0803840007629389));
#2764=CARTESIAN_POINT('',(0.23365,-0.081905,0.0803840007629389));
#2765=CARTESIAN_POINT('',(0.23365,-0.081905,0.109196000762939));
#2766=CARTESIAN_POINT('',(0.16,-0.081905,0.109196000762939));
#2767=CARTESIAN_POINT('',(0.16,-0.081905,0.0803840007629389));
#2768=CARTESIAN_POINT('',(0.199999998533863,0.120300003943713,0.0841940007629389));
#2769=CARTESIAN_POINT('',(0.203174998533863,0.120300003943713,0.0841940007629389));
#2770=CARTESIAN_POINT('',(0.203174998533863,0.120300003943713,0.0841940007629389));
#2771=CARTESIAN_POINT('',(0.199999998533863,0.120300003943713,0.0841940007629389));
#2772=CARTESIAN_POINT('',(0.196824998533863,0.120300003943713,0.0841940007629389));
#2773=CARTESIAN_POINT('',(0.196824998533863,0.120300003943713,0.0841940007629389));
#2774=CARTESIAN_POINT('',(0.203174998533863,0.117050003943713,0.0841940007629389));
#2775=CARTESIAN_POINT('',(0.203174998533863,0.113800003943713,0.0841940007629389));
#2776=CARTESIAN_POINT('',(0.203174998533863,0.113800003943713,0.0841940007629389));
#2777=CARTESIAN_POINT('',(0.203174998533863,0.117050003943713,0.0841940007629389));
#2778=CARTESIAN_POINT('',(0.199999998533863,0.113800003943713,0.0841940007629389));
#2779=CARTESIAN_POINT('',(0.196824998533863,0.113800003943713,0.0841940007629389));
#2780=CARTESIAN_POINT('',(0.196824998533863,0.113800003943713,0.0841940007629389));
#2781=CARTESIAN_POINT('',(0.199999998533863,0.113800003943713,0.0841940007629389));
#2782=CARTESIAN_POINT('',(0.115010001466137,0.119500003943713,0.0841940007629389));
#2783=CARTESIAN_POINT('',(0.108660001466137,0.119500003943713,0.0841940007629389));
#2784=CARTESIAN_POINT('',(0.108660001466137,0.119500003943713,0.0841940007629389));
#2785=CARTESIAN_POINT('',(0.115010001466137,0.119500003943713,0.0841940007629389));
#2786=CARTESIAN_POINT('',(0.115010001466137,0.125850003943713,0.0841940007629389));
#2787=CARTESIAN_POINT('',(0.115010001466137,0.125850003943713,0.0841940007629389));
#2788=CARTESIAN_POINT('',(0.108660001466137,0.107052501971856,0.0841940007629389));
#2789=CARTESIAN_POINT('',(0.108660001466137,0.107052501971856,0.0841940007629389));
#2790=CARTESIAN_POINT('',(0.211339998533863,0.107052501971856,0.0841940007629389));
#2791=CARTESIAN_POINT('',(0.211339998533863,0.119500003943713,0.0841940007629389));
#2792=CARTESIAN_POINT('',(0.211339998533863,0.119500003943713,0.0841940007629389));
#2793=CARTESIAN_POINT('',(0.211339998533863,0.107052501971856,0.0841940007629389));
#2794=CARTESIAN_POINT('',(0.204989998533863,0.119500003943713,0.0841940007629389));
#2795=CARTESIAN_POINT('',(0.204989998533863,0.125850003943713,0.0841940007629389));
#2796=CARTESIAN_POINT('',(0.204989998533863,0.125850003943713,0.0841940007629389));
#2797=CARTESIAN_POINT('',(0.204989998533863,0.119500003943713,0.0841940007629389));
#2798=CARTESIAN_POINT('',(0.116825001466137,0.117050003943713,0.0841940007629389));
#2799=CARTESIAN_POINT('',(0.116825001466137,0.120300003943713,0.0841940007629389));
#2800=CARTESIAN_POINT('',(0.116825001466137,0.120300003943713,0.0841940007629389));
#2801=CARTESIAN_POINT('',(0.116825001466137,0.117050003943713,0.0841940007629389));
#2802=CARTESIAN_POINT('',(0.116825001466137,0.113800003943713,0.0841940007629389));
#2803=CARTESIAN_POINT('',(0.116825001466137,0.113800003943713,0.0841940007629389));
#2804=CARTESIAN_POINT('',(0.120000001466137,0.120300003943713,0.0841940007629389));
#2805=CARTESIAN_POINT('',(0.123175001466137,0.120300003943713,0.0841940007629389));
#2806=CARTESIAN_POINT('',(0.123175001466137,0.120300003943713,0.0841940007629389));
#2807=CARTESIAN_POINT('',(0.120000001466137,0.120300003943713,0.0841940007629389));
#2808=CARTESIAN_POINT('',(0.123175001466137,0.117050003943713,0.0841940007629389));
#2809=CARTESIAN_POINT('',(0.123175001466137,0.113800003943713,0.0841940007629389));
#2810=CARTESIAN_POINT('',(0.123175001466137,0.113800003943713,0.0841940007629389));
#2811=CARTESIAN_POINT('',(0.123175001466137,0.117050003943713,0.0841940007629389));
#2812=CARTESIAN_POINT('',(0.182494999266931,0.125850003943713,0.0841940007629389));
#2813=CARTESIAN_POINT('',(0.182494999266931,0.125850003943713,0.0841940007629389));
#2814=CARTESIAN_POINT('',(0.120000001466137,0.113800003943713,0.0841940007629389));
#2815=CARTESIAN_POINT('',(0.120000001466137,0.113800003943713,0.0841940007629389));
#2816=CARTESIAN_POINT('',(0.196824998533863,0.117050003943713,0.0841940007629389));
#2817=CARTESIAN_POINT('',(0.196824998533863,0.117050003943713,0.0841940007629389));
#2818=CARTESIAN_POINT('',(0.16,0.0229250019718565,0.0841940007629389));
#2819=CARTESIAN_POINT('',(0.273249999718285,-0.0129499994706748,0.0841940007629389));
#2820=CARTESIAN_POINT('',(0.273249999718285,-0.0161249994706748,0.0841940007629389));
#2821=CARTESIAN_POINT('',(0.273249999718285,-0.0161249994706748,0.0841940007629389));
#2822=CARTESIAN_POINT('',(0.273249999718285,-0.0129499994706748,0.0841940007629389));
#2823=CARTESIAN_POINT('',(0.273249999718285,-0.0097749994706748,0.0841940007629389));
#2824=CARTESIAN_POINT('',(0.273249999718285,-0.0097749994706748,0.0841940007629389));
#2825=CARTESIAN_POINT('',(0.269999999718284,-0.0161249994706748,0.0841940007629389));
#2826=CARTESIAN_POINT('',(0.266749999718285,-0.0161249994706748,0.0841940007629389));
#2827=CARTESIAN_POINT('',(0.266749999718285,-0.0161249994706748,0.0841940007629389));
#2828=CARTESIAN_POINT('',(0.269999999718284,-0.0161249994706748,0.0841940007629389));
#2829=CARTESIAN_POINT('',(0.266749999718285,-0.0129499994706748,0.0841940007629389));
#2830=CARTESIAN_POINT('',(0.266749999718285,-0.0097749994706748,0.0841940007629389));
#2831=CARTESIAN_POINT('',(0.266749999718285,-0.0097749994706748,0.0841940007629389));
#2832=CARTESIAN_POINT('',(0.266749999718285,-0.0129499994706748,0.0841940007629389));
#2833=CARTESIAN_POINT('',(0.278800007518285,-0.0318750034604484,0.0841940007629389));
#2834=CARTESIAN_POINT('',(0.278800007518285,-0.00635,0.0841940007629389));
#2835=CARTESIAN_POINT('',(0.278800007518285,-0.00635,0.0841940007629389));
#2836=CARTESIAN_POINT('',(0.278800007518285,-0.0318750034604484,0.0841940007629389));
#2837=CARTESIAN_POINT('',(0.278800007518285,-0.0574000069208968,0.0841940007629389));
#2838=CARTESIAN_POINT('',(0.278800007518285,-0.0574000069208968,0.0841940007629389));
#2839=CARTESIAN_POINT('',(0.272450007518285,-0.00635,0.0841940007629389));
#2840=CARTESIAN_POINT('',(0.272450007518285,-4.16333634234433E-17,0.0841940007629389));
#2841=CARTESIAN_POINT('',(0.272450007518285,-4.16333634234433E-17,0.0841940007629389));
#2842=CARTESIAN_POINT('',(0.272450007518285,-0.00635,0.0841940007629389));
#2843=CARTESIAN_POINT('',(0.263527503759143,-4.16333634234433E-17,0.0841940007629389));
#2844=CARTESIAN_POINT('',(0.263527503759143,-4.16333634234433E-17,0.0841940007629389));
#2845=CARTESIAN_POINT('',(0.263527503759143,-0.0637500069208968,0.0841940007629389));
#2846=CARTESIAN_POINT('',(0.272450007518285,-0.0637500069208968,0.0841940007629389));
#2847=CARTESIAN_POINT('',(0.272450007518285,-0.0637500069208968,0.0841940007629389));
#2848=CARTESIAN_POINT('',(0.263527503759143,-0.0637500069208968,0.0841940007629389));
#2849=CARTESIAN_POINT('',(0.273249999718285,-0.0549499991208968,0.0841940007629389));
#2850=CARTESIAN_POINT('',(0.273249999718285,-0.0581249991208968,0.0841940007629389));
#2851=CARTESIAN_POINT('',(0.273249999718285,-0.0581249991208968,0.0841940007629389));
#2852=CARTESIAN_POINT('',(0.273249999718285,-0.0549499991208968,0.0841940007629389));
#2853=CARTESIAN_POINT('',(0.273249999718285,-0.0517749991208968,0.0841940007629389));
#2854=CARTESIAN_POINT('',(0.273249999718285,-0.0517749991208968,0.0841940007629389));
#2855=CARTESIAN_POINT('',(0.269999999718284,-0.0581249991208968,0.0841940007629389));
#2856=CARTESIAN_POINT('',(0.266749999718285,-0.0581249991208968,0.0841940007629389));
#2857=CARTESIAN_POINT('',(0.266749999718285,-0.0581249991208968,0.0841940007629389));
#2858=CARTESIAN_POINT('',(0.269999999718284,-0.0581249991208968,0.0841940007629389));
#2859=CARTESIAN_POINT('',(0.266749999718285,-0.0549499991208968,0.0841940007629389));
#2860=CARTESIAN_POINT('',(0.266749999718285,-0.0517749991208968,0.0841940007629389));
#2861=CARTESIAN_POINT('',(0.266749999718285,-0.0517749991208968,0.0841940007629389));
#2862=CARTESIAN_POINT('',(0.266749999718285,-0.0549499991208968,0.0841940007629389));
#2863=CARTESIAN_POINT('',(0.272450007518285,-0.0574000069208968,0.0841940007629389));
#2864=CARTESIAN_POINT('',(0.272450007518285,-0.0574000069208968,0.0841940007629389));
#2865=CARTESIAN_POINT('',(0.269999999718284,-0.0517749991208968,0.0841940007629389));
#2866=CARTESIAN_POINT('',(0.269999999718284,-0.0517749991208968,0.0841940007629389));
#2867=CARTESIAN_POINT('',(0.269999999718284,-0.0097749994706748,0.0841940007629389));
#2868=CARTESIAN_POINT('',(0.269999999718284,-0.0097749994706748,0.0841940007629389));
#2869=CARTESIAN_POINT('',(0.16,0.0229250019718565,0.0841940007629389));
#2870=CARTESIAN_POINT('',(0.0475499924817155,-0.00635,0.0841940007629389));
#2871=CARTESIAN_POINT('',(0.0411999924817155,-0.00635,0.0841940007629389));
#2872=CARTESIAN_POINT('',(0.0411999924817155,-0.00635,0.0841940007629389));
#2873=CARTESIAN_POINT('',(0.0475499924817155,-0.00635,0.0841940007629389));
#2874=CARTESIAN_POINT('',(0.0475499924817155,-4.16333634234433E-17,0.0841940007629389));
#2875=CARTESIAN_POINT('',(0.0475499924817155,-4.16333634234433E-17,0.0841940007629389));
#2876=CARTESIAN_POINT('',(0.0411999924817155,-0.0318750034604484,0.0841940007629389));
#2877=CARTESIAN_POINT('',(0.0411999924817155,-0.0574000069208968,0.0841940007629389));
#2878=CARTESIAN_POINT('',(0.0411999924817155,-0.0574000069208968,0.0841940007629389));
#2879=CARTESIAN_POINT('',(0.0411999924817155,-0.0318750034604484,0.0841940007629389));
#2880=CARTESIAN_POINT('',(0.0475499924817155,-0.0574000069208968,0.0841940007629389));
#2881=CARTESIAN_POINT('',(0.0475499924817155,-0.0637500069208968,0.0841940007629389));
#2882=CARTESIAN_POINT('',(0.0475499924817155,-0.0637500069208968,0.0841940007629389));
#2883=CARTESIAN_POINT('',(0.0475499924817155,-0.0574000069208968,0.0841940007629389));
#2884=CARTESIAN_POINT('',(0.0564724962408578,-0.0637500069208968,0.0841940007629389));
#2885=CARTESIAN_POINT('',(0.0564724962408578,-0.0637500069208968,0.0841940007629389));
#2886=CARTESIAN_POINT('',(0.0500000002817155,-0.0517749991208968,0.0841940007629389));
#2887=CARTESIAN_POINT('',(0.0532500002817155,-0.0517749991208968,0.0841940007629389));
#2888=CARTESIAN_POINT('',(0.0532500002817155,-0.0517749991208968,0.0841940007629389));
#2889=CARTESIAN_POINT('',(0.0500000002817155,-0.0517749991208968,0.0841940007629389));
#2890=CARTESIAN_POINT('',(0.0467500002817155,-0.0517749991208968,0.0841940007629389));
#2891=CARTESIAN_POINT('',(0.0467500002817155,-0.0517749991208968,0.0841940007629389));
#2892=CARTESIAN_POINT('',(0.0532500002817155,-0.0549499991208968,0.0841940007629389));
#2893=CARTESIAN_POINT('',(0.0532500002817155,-0.0581249991208968,0.0841940007629389));
#2894=CARTESIAN_POINT('',(0.0532500002817155,-0.0581249991208968,0.0841940007629389));
#2895=CARTESIAN_POINT('',(0.0532500002817155,-0.0549499991208968,0.0841940007629389));
#2896=CARTESIAN_POINT('',(0.0500000002817155,-0.0581249991208968,0.0841940007629389));
#2897=CARTESIAN_POINT('',(0.0467500002817155,-0.0581249991208968,0.0841940007629389));
#2898=CARTESIAN_POINT('',(0.0467500002817155,-0.0581249991208968,0.0841940007629389));
#2899=CARTESIAN_POINT('',(0.0500000002817155,-0.0581249991208968,0.0841940007629389));
#2900=CARTESIAN_POINT('',(0.0500000002817155,-0.0097749994706748,0.0841940007629389));
#2901=CARTESIAN_POINT('',(0.0532500002817155,-0.0097749994706748,0.0841940007629389));
#2902=CARTESIAN_POINT('',(0.0532500002817155,-0.0097749994706748,0.0841940007629389));
#2903=CARTESIAN_POINT('',(0.0500000002817155,-0.0097749994706748,0.0841940007629389));
#2904=CARTESIAN_POINT('',(0.0467500002817155,-0.0097749994706748,0.0841940007629389));
#2905=CARTESIAN_POINT('',(0.0467500002817155,-0.0097749994706748,0.0841940007629389));
#2906=CARTESIAN_POINT('',(0.0532500002817155,-0.0129499994706748,0.0841940007629389));
#2907=CARTESIAN_POINT('',(0.0532500002817155,-0.0161249994706748,0.0841940007629389));
#2908=CARTESIAN_POINT('',(0.0532500002817155,-0.0161249994706748,0.0841940007629389));
#2909=CARTESIAN_POINT('',(0.0532500002817155,-0.0129499994706748,0.0841940007629389));
#2910=CARTESIAN_POINT('',(0.0500000002817155,-0.0161249994706748,0.0841940007629389));
#2911=CARTESIAN_POINT('',(0.0467500002817155,-0.0161249994706748,0.0841940007629389));
#2912=CARTESIAN_POINT('',(0.0467500002817155,-0.0161249994706748,0.0841940007629389));
#2913=CARTESIAN_POINT('',(0.0500000002817155,-0.0161249994706748,0.0841940007629389));
#2914=CARTESIAN_POINT('',(0.0467500002817155,-0.0549499991208968,0.0841940007629389));
#2915=CARTESIAN_POINT('',(0.0467500002817155,-0.0549499991208968,0.0841940007629389));
#2916=CARTESIAN_POINT('',(0.0467500002817155,-0.0129499994706748,0.0841940007629389));
#2917=CARTESIAN_POINT('',(0.0467500002817155,-0.0129499994706748,0.0841940007629389));
#2918=CARTESIAN_POINT('',(0.0564724962408578,-4.16333634234433E-17,0.0841940007629389));
#2919=CARTESIAN_POINT('',(0.0564724962408578,-4.16333634234433E-17,0.0841940007629389));
#2920=CARTESIAN_POINT('',(0.16,0.0229250019718565,0.0841940007629389));
#2921=CARTESIAN_POINT('',(0.16,-0.080002,0.0922490007629389));
#2922=CARTESIAN_POINT('',(0.0411979924817155,0.03555,0.0922490007629389));
#2923=CARTESIAN_POINT('',(0.278802007518285,0.03555,0.0922490007629389));
#2924=CARTESIAN_POINT('',(0.16,0.0156225019718565,0.0803840007629389));
#2925=CARTESIAN_POINT('',(0.21365,0.06875,0.0803840007629389));
#2926=CARTESIAN_POINT('',(0.20984,0.06875,0.0803840007629389));
#2927=CARTESIAN_POINT('',(0.10635,-0.06875,0.0803840007629389));
#2928=CARTESIAN_POINT('',(0.10254,-0.06875,0.0803840007629389));
#2929=CARTESIAN_POINT('',(0.10635,-0.06875,0.0943540007629389));
#2930=CARTESIAN_POINT('',(0.10635,-0.06875,0.0943540007629389));
#2931=CARTESIAN_POINT('',(0.10254,-0.06875,0.0943540007629389));
#2932=CARTESIAN_POINT('',(0.16,0.0156225019718565,0.0943540007629389));
#2933=CARTESIAN_POINT('',(0.21365,0.06875,0.0943540007629389));
#2934=CARTESIAN_POINT('',(0.21365,0.06875,0.0943540007629389));
#2935=CARTESIAN_POINT('',(0.20984,0.06875,0.0943540007629389));
#2936=CARTESIAN_POINT('',(0.16,0.0156225019718565,0.0943540007629389));
#2937=CARTESIAN_POINT('',(0.0540472793954235,0.08127,0.109196000762939));
#2938=CARTESIAN_POINT('',(0.041265,0.08127,0.109196000762939));
#2939=CARTESIAN_POINT('',(0.041265,0.06349,0.109196000762939));
#2940=CARTESIAN_POINT('',(0.041265,0.04571,0.109196000762939));
#2941=CARTESIAN_POINT('',(0.05333,0.04571,0.109196000762939));
#2942=CARTESIAN_POINT('',(0.26667,0.04571,0.109196000762939));
#2943=CARTESIAN_POINT('',(0.278735,0.04571,0.109196000762939));
#2944=CARTESIAN_POINT('',(0.278735,0.06349,0.109196000762939));
#2945=CARTESIAN_POINT('',(0.278735,0.08127,0.109196000762939));
#2946=CARTESIAN_POINT('',(0.265952720604576,0.08127,0.109196000762939));
#2947=CARTESIAN_POINT('',(0.14222,-0.104765,0.109196000762939));
#2948=CARTESIAN_POINT('',(0.14222,-0.114925,0.109196000762939));
#2949=CARTESIAN_POINT('',(0.15111,-0.114925,0.109196000762939));
#2950=CARTESIAN_POINT('',(0.17778,-0.114925,0.109196000762939));
#2951=CARTESIAN_POINT('',(0.17778,-0.104765,0.109196000762939));
#2952=CARTESIAN_POINT('',(0.252573,0.075301,-0.362979027215465));
#2953=CARTESIAN_POINT('',(0.148189,-0.090668,-0.362979027215465));
#2954=CARTESIAN_POINT('',(0.148189,-0.106162,-0.362979027215465));
#2955=CARTESIAN_POINT('',(0.171811,-0.106162,-0.362979027215465));
#2956=CARTESIAN_POINT('',(0.268067,0.075301,-0.362979027215465));
#2957=CARTESIAN_POINT('',(0.268067,0.051679,-0.362979027215465));
#2958=CARTESIAN_POINT('',(0.252573,0.051679,-0.362979027215465));
#2959=CARTESIAN_POINT('',(0.067427,0.075301,-0.362979027215465));
#2960=CARTESIAN_POINT('',(0.171811,-0.090668,-0.362979027215465));
#2961=CARTESIAN_POINT('',(0.051933,0.075301,-0.362979027215465));
#2962=CARTESIAN_POINT('',(0.051933,0.051679,-0.362979027215465));
#2963=CARTESIAN_POINT('',(0.067427,0.051679,-0.362979027215465));
#2964=MECHANICAL_DESIGN_GEOMETRIC_PRESENTATION_REPRESENTATION('',(#1771),
#2965);
#2965=(
GEOMETRIC_REPRESENTATION_CONTEXT(3)
GLOBAL_UNCERTAINTY_ASSIGNED_CONTEXT((#2966))
GLOBAL_UNIT_ASSIGNED_CONTEXT((#2969,#2968,#2967))
REPRESENTATION_CONTEXT('RTA-XXXX','TOP_LEVEL_ASSEMBLY_PART')
);
#2966=UNCERTAINTY_MEASURE_WITH_UNIT(LENGTH_MEASURE(1.E-8),#2969,
'DISTANCE_ACCURACY_VALUE','Maximum Tolerance applied to model');
#2967=(
NAMED_UNIT(*)
SI_UNIT($,.STERADIAN.)
SOLID_ANGLE_UNIT()
);
#2968=(
NAMED_UNIT(*)
PLANE_ANGLE_UNIT()
SI_UNIT($,.RADIAN.)
);
#2969=(
LENGTH_UNIT()
NAMED_UNIT(*)
SI_UNIT($,.METRE.)
);
#2970=PRODUCT_DEFINITION_SHAPE('','',#2971);
#2971=PRODUCT_DEFINITION('','',#2973,#2972);
#2972=PRODUCT_DEFINITION_CONTEXT('',#2979,'design');
#2973=PRODUCT_DEFINITION_FORMATION_WITH_SPECIFIED_SOURCE('','',#2975,
 .NOT_KNOWN.);
#2974=PRODUCT_RELATED_PRODUCT_CATEGORY('','',(#2975));
#2975=PRODUCT('RTA-XXXX','RTA-XXXX','RTA-XXXX',(#2977));
#2976=PRODUCT_CATEGORY('','');
#2977=PRODUCT_CONTEXT('',#2979,'mechanical');
#2978=APPLICATION_PROTOCOL_DEFINITION('international standard',
'ap242_managed_model_based_3d_engineering',2020,#2979);
#2979=APPLICATION_CONTEXT('managed model based 3d engineering');
ENDSEC;
END-ISO-10303-21;
